0 verbose cli /usr/bin/node /usr/lib/node_modules/npm/bin/npm-cli.js
1 info using npm@10.8.2
2 info using node@v20.19.5
3 silly config load:file:/usr/lib/node_modules/npm/npmrc
4 silly config load:file:/home/ubuntu/algorand-dashboard/.npmrc
5 silly config load:file:/home/ubuntu/.npmrc
6 silly config load:file:/usr/etc/npmrc
7 verbose title npm exec alloctrl
8 verbose argv "exec" "--" "alloctrl"
9 verbose logfile logs-max:10 dir:/home/ubuntu/.npm/_logs/2025-10-14T21_15_42_623Z-
10 verbose logfile /home/ubuntu/.npm/_logs/2025-10-14T21_15_42_623Z-debug-0.log
11 silly logfile start cleaning logs, removing 1 files
12 silly packumentCache heap:1027080192 maxSize:256770048 maxEntrySize:128385024
13 silly logfile done cleaning log files
14 http fetch GET 200 https://registry.npmjs.org/alloctrl 426ms (cache miss)
15 silly packumentCache heap:1027080192 maxSize:256770048 maxEntrySize:128385024
16 silly packumentCache heap:1027080192 maxSize:256770048 maxEntrySize:128385024
17 silly idealTree buildDeps
18 silly fetch manifest alloctrl@0.1.9
19 silly packumentCache full:https://registry.npmjs.org/alloctrl cache-miss
20 http fetch GET 200 https://registry.npmjs.org/alloctrl 290ms (cache miss)
21 silly packumentCache full:https://registry.npmjs.org/alloctrl set size:undefined disposed:false
22 silly placeDep ROOT alloctrl@0.1.9 OK for:  want: 0.1.9
23 silly fetch manifest algostack@^0.4.13
24 silly packumentCache full:https://registry.npmjs.org/algostack cache-miss
25 http fetch GET 200 https://registry.npmjs.org/algostack 312ms (cache miss)
26 silly packumentCache full:https://registry.npmjs.org/algostack set size:undefined disposed:false
27 silly fetch manifest axios@^1.1.3
28 silly packumentCache full:https://registry.npmjs.org/axios cache-miss
29 http fetch GET 200 https://registry.npmjs.org/axios 52ms (cache miss)
30 silly packumentCache full:https://registry.npmjs.org/axios set size:undefined disposed:false
31 silly fetch manifest buffer@^6.0.3
32 silly packumentCache full:https://registry.npmjs.org/buffer cache-miss
33 http fetch GET 200 https://registry.npmjs.org/buffer 47ms (cache miss)
34 silly packumentCache full:https://registry.npmjs.org/buffer set size:undefined disposed:false
35 silly fetch manifest camelcase-keys@^8.0.2
36 silly packumentCache full:https://registry.npmjs.org/camelcase-keys cache-miss
37 http fetch GET 200 https://registry.npmjs.org/camelcase-keys 33ms (cache miss)
38 silly packumentCache full:https://registry.npmjs.org/camelcase-keys set size:undefined disposed:false
39 silly fetch manifest chalk@^5.3.0
40 silly packumentCache full:https://registry.npmjs.org/chalk cache-miss
41 http fetch GET 200 https://registry.npmjs.org/chalk 44ms (cache miss)
42 silly packumentCache full:https://registry.npmjs.org/chalk set size:undefined disposed:false
43 silly fetch manifest dotenv@^16.3.1
44 silly packumentCache full:https://registry.npmjs.org/dotenv cache-miss
45 http fetch GET 200 https://registry.npmjs.org/dotenv 45ms (cache miss)
46 silly packumentCache full:https://registry.npmjs.org/dotenv set size:undefined disposed:false
47 silly fetch manifest inquirer@^9.2.7
48 silly packumentCache full:https://registry.npmjs.org/inquirer cache-miss
49 http fetch GET 200 https://registry.npmjs.org/inquirer 46ms (cache miss)
50 silly packumentCache full:https://registry.npmjs.org/inquirer set size:undefined disposed:false
51 silly fetch manifest inquirer-directory@^2.2.0
52 silly packumentCache full:https://registry.npmjs.org/inquirer-directory cache-miss
53 http fetch GET 200 https://registry.npmjs.org/inquirer-directory 53ms (cache miss)
54 silly packumentCache full:https://registry.npmjs.org/inquirer-directory set size:undefined disposed:false
55 silly fetch manifest inquirer-file-tree-selection-prompt@^2.0.5
56 silly packumentCache full:https://registry.npmjs.org/inquirer-file-tree-selection-prompt cache-miss
57 http fetch GET 200 https://registry.npmjs.org/inquirer-file-tree-selection-prompt 70ms (cache miss)
58 silly packumentCache full:https://registry.npmjs.org/inquirer-file-tree-selection-prompt set size:undefined disposed:false
59 silly fetch manifest lodash-es@^4.17.21
60 silly packumentCache full:https://registry.npmjs.org/lodash-es cache-miss
61 http fetch GET 200 https://registry.npmjs.org/lodash-es 37ms (cache miss)
62 silly packumentCache full:https://registry.npmjs.org/lodash-es set size:undefined disposed:false
63 silly fetch manifest svelte@^3.56.0
64 silly packumentCache full:https://registry.npmjs.org/svelte cache-miss
65 http fetch GET 200 https://registry.npmjs.org/svelte 119ms (cache miss)
66 silly packumentCache full:https://registry.npmjs.org/svelte set size:undefined disposed:false
67 silly fetch manifest svelte-check@^2.7.1
68 silly packumentCache full:https://registry.npmjs.org/svelte-check cache-miss
69 http fetch GET 200 https://registry.npmjs.org/svelte-check 80ms (cache miss)
70 silly packumentCache full:https://registry.npmjs.org/svelte-check set size:undefined disposed:false
71 silly fetch manifest svelte-preprocess@^5.0.4
72 silly packumentCache full:https://registry.npmjs.org/svelte-preprocess cache-miss
73 http fetch GET 200 https://registry.npmjs.org/svelte-preprocess 60ms (cache miss)
74 silly packumentCache full:https://registry.npmjs.org/svelte-preprocess set size:undefined disposed:false
75 silly fetch manifest @babel/core@^7.10.2
76 silly packumentCache full:https://registry.npmjs.org/@babel%2fcore cache-miss
77 http fetch GET 200 https://registry.npmjs.org/@babel%2fcore 67ms (cache miss)
78 silly packumentCache full:https://registry.npmjs.org/@babel%2fcore set size:undefined disposed:false
79 silly fetch manifest coffeescript@^2.5.1
80 silly packumentCache full:https://registry.npmjs.org/coffeescript cache-miss
81 http fetch GET 200 https://registry.npmjs.org/coffeescript 35ms (cache miss)
82 silly packumentCache full:https://registry.npmjs.org/coffeescript set size:undefined disposed:false
83 silly fetch manifest less@^3.11.3 || ^4.0.0
84 silly packumentCache full:https://registry.npmjs.org/less cache-miss
85 http fetch GET 200 https://registry.npmjs.org/less 38ms (cache miss)
86 silly packumentCache full:https://registry.npmjs.org/less set size:undefined disposed:false
87 silly fetch manifest postcss@^7 || ^8
88 silly packumentCache full:https://registry.npmjs.org/postcss cache-miss
89 http fetch GET 200 https://registry.npmjs.org/postcss 40ms (cache miss)
90 silly packumentCache full:https://registry.npmjs.org/postcss set size:undefined disposed:false
91 silly fetch manifest postcss-load-config@^2.1.0 || ^3.0.0 || ^4.0.0 || ^5.0.0
92 silly packumentCache full:https://registry.npmjs.org/postcss-load-config cache-miss
93 http fetch GET 200 https://registry.npmjs.org/postcss-load-config 33ms (cache miss)
94 silly packumentCache full:https://registry.npmjs.org/postcss-load-config set size:undefined disposed:false
95 silly fetch manifest jiti@>=1.21.0
96 silly packumentCache full:https://registry.npmjs.org/jiti cache-miss
97 http fetch GET 200 https://registry.npmjs.org/jiti 41ms (cache miss)
98 silly packumentCache full:https://registry.npmjs.org/jiti set size:undefined disposed:false
99 silly fetch manifest tsx@^4.8.1
100 silly packumentCache full:https://registry.npmjs.org/tsx cache-miss
101 http fetch GET 200 https://registry.npmjs.org/tsx 46ms (cache miss)
102 silly packumentCache full:https://registry.npmjs.org/tsx set size:undefined disposed:false
103 silly fetch manifest pug@^3.0.0
104 silly packumentCache full:https://registry.npmjs.org/pug cache-miss
105 http fetch GET 200 https://registry.npmjs.org/pug 45ms (cache miss)
106 silly packumentCache full:https://registry.npmjs.org/pug set size:undefined disposed:false
107 silly fetch manifest sass@^1.26.8
108 silly packumentCache full:https://registry.npmjs.org/sass cache-miss
109 http fetch GET 200 https://registry.npmjs.org/sass 40ms (cache miss)
110 silly packumentCache full:https://registry.npmjs.org/sass set size:undefined disposed:false
111 silly fetch manifest stylus@^0.55.0
112 silly packumentCache full:https://registry.npmjs.org/stylus cache-miss
113 http fetch GET 200 https://registry.npmjs.org/stylus 43ms (cache miss)
114 silly packumentCache full:https://registry.npmjs.org/stylus set size:undefined disposed:false
115 silly fetch manifest sugarss@^2.0.0 || ^3.0.0 || ^4.0.0
116 silly packumentCache full:https://registry.npmjs.org/sugarss cache-miss
117 http fetch GET 200 https://registry.npmjs.org/sugarss 32ms (cache miss)
118 silly packumentCache full:https://registry.npmjs.org/sugarss set size:undefined disposed:false
119 silly fetch manifest typescript@>=3.9.5 || ^4.0.0 || ^5.0.0
120 silly packumentCache full:https://registry.npmjs.org/typescript cache-miss
121 http fetch GET 200 https://registry.npmjs.org/typescript 488ms (cache miss)
122 silly packumentCache full:https://registry.npmjs.org/typescript set size:undefined disposed:false
123 silly placeDep ROOT algostack@0.4.49 OK for: alloctrl@0.1.9 want: ^0.4.13
124 silly placeDep ROOT axios@1.12.2 OK for: alloctrl@0.1.9 want: ^1.1.3
125 silly placeDep ROOT buffer@6.0.3 OK for: alloctrl@0.1.9 want: ^6.0.3
126 silly placeDep ROOT camelcase-keys@8.0.2 OK for: alloctrl@0.1.9 want: ^8.0.2
127 silly placeDep ROOT chalk@5.6.2 OK for: alloctrl@0.1.9 want: ^5.3.0
128 silly placeDep ROOT dotenv@16.6.1 OK for: alloctrl@0.1.9 want: ^16.3.1
129 silly placeDep ROOT inquirer@9.3.8 OK for: alloctrl@0.1.9 want: ^9.2.7
130 silly placeDep ROOT inquirer-directory@2.2.0 OK for: alloctrl@0.1.9 want: ^2.2.0
131 silly placeDep ROOT inquirer-file-tree-selection-prompt@2.0.5 OK for: alloctrl@0.1.9 want: ^2.0.5
132 silly placeDep ROOT lodash-es@4.17.21 OK for: alloctrl@0.1.9 want: ^4.17.21
133 silly placeDep ROOT svelte@3.59.2 OK for: alloctrl@0.1.9 want: ^3.56.0
134 silly placeDep ROOT svelte-check@2.10.3 OK for: alloctrl@0.1.9 want: ^2.7.1
135 silly placeDep ROOT svelte-preprocess@5.1.4 OK for: alloctrl@0.1.9 want: ^5.0.4
136 silly fetch manifest axios@^1.6.7
137 silly packumentCache full:https://registry.npmjs.org/axios cache-miss
138 http fetch GET 200 https://registry.npmjs.org/axios 9ms (cache hit)
139 silly packumentCache full:https://registry.npmjs.org/axios set size:641343 disposed:false
140 silly fetch manifest dexie@^3.2.4
141 silly packumentCache full:https://registry.npmjs.org/dexie cache-miss
142 http fetch GET 200 https://registry.npmjs.org/dexie 43ms (cache miss)
143 silly packumentCache full:https://registry.npmjs.org/dexie set size:undefined disposed:false
144 silly fetch manifest algosdk@^2.7.0
145 silly packumentCache full:https://registry.npmjs.org/algosdk cache-miss
146 http fetch GET 200 https://registry.npmjs.org/algosdk 53ms (cache miss)
147 silly packumentCache full:https://registry.npmjs.org/algosdk set size:undefined disposed:false
148 silly fetch manifest @types/node@^18.7.14
149 silly packumentCache full:https://registry.npmjs.org/@types%2fnode cache-miss
150 http fetch GET 200 https://registry.npmjs.org/@types%2fnode 101ms (cache revalidated)
151 silly packumentCache full:https://registry.npmjs.org/@types%2fnode set size:10636554 disposed:false
152 silly fetch manifest object-hash@^3.0.0
153 silly packumentCache full:https://registry.npmjs.org/object-hash cache-miss
154 http fetch GET 200 https://registry.npmjs.org/object-hash 40ms (cache miss)
155 silly packumentCache full:https://registry.npmjs.org/object-hash set size:undefined disposed:false
156 silly fetch manifest p-ratelimit@^1.0.1
157 silly packumentCache full:https://registry.npmjs.org/p-ratelimit cache-miss
158 http fetch GET 200 https://registry.npmjs.org/p-ratelimit 317ms (cache miss)
159 silly packumentCache full:https://registry.npmjs.org/p-ratelimit set size:undefined disposed:false
160 silly fetch manifest multiformats@^12.1.2
161 silly packumentCache full:https://registry.npmjs.org/multiformats cache-miss
162 http fetch GET 200 https://registry.npmjs.org/multiformats 66ms (cache miss)
163 silly packumentCache full:https://registry.npmjs.org/multiformats set size:undefined disposed:false
164 silly fetch manifest @types/lodash@^4.14.165
165 silly packumentCache full:https://registry.npmjs.org/@types%2flodash cache-miss
166 http fetch GET 200 https://registry.npmjs.org/@types%2flodash 45ms (cache miss)
167 silly packumentCache full:https://registry.npmjs.org/@types%2flodash set size:undefined disposed:false
168 silly fetch manifest camelcase-keys@^7.0.2
169 silly packumentCache full:https://registry.npmjs.org/camelcase-keys cache-miss
170 http fetch GET 200 https://registry.npmjs.org/camelcase-keys 6ms (cache hit)
171 silly packumentCache full:https://registry.npmjs.org/camelcase-keys set size:79492 disposed:false
172 silly fetch manifest fake-indexeddb@^5.0.1
173 silly packumentCache full:https://registry.npmjs.org/fake-indexeddb cache-miss
174 http fetch GET 200 https://registry.npmjs.org/fake-indexeddb 47ms (cache miss)
175 silly packumentCache full:https://registry.npmjs.org/fake-indexeddb set size:undefined disposed:false
176 silly fetch manifest kebabcase-keys@^1.0.0
177 silly packumentCache full:https://registry.npmjs.org/kebabcase-keys cache-miss
178 http fetch GET 200 https://registry.npmjs.org/kebabcase-keys 45ms (cache miss)
179 silly packumentCache full:https://registry.npmjs.org/kebabcase-keys set size:undefined disposed:false
180 silly fetch manifest @perawallet/connect@^1.3.4
181 silly packumentCache full:https://registry.npmjs.org/@perawallet%2fconnect cache-miss
182 http fetch GET 200 https://registry.npmjs.org/@perawallet%2fconnect 718ms (cache miss)
183 silly packumentCache full:https://registry.npmjs.org/@perawallet%2fconnect set size:undefined disposed:false
184 silly fetch manifest @json-rpc-tools/utils@^1.7.6
185 silly packumentCache full:https://registry.npmjs.org/@json-rpc-tools%2futils cache-miss
186 http fetch GET 200 https://registry.npmjs.org/@json-rpc-tools%2futils 832ms (cache miss)
187 silly packumentCache full:https://registry.npmjs.org/@json-rpc-tools%2futils set size:undefined disposed:false
188 silly fetch manifest @randlabs/myalgo-connect@^1.4.2
189 silly packumentCache full:https://registry.npmjs.org/@randlabs%2fmyalgo-connect cache-miss
190 http fetch GET 200 https://registry.npmjs.org/@randlabs%2fmyalgo-connect 128ms (cache miss)
191 silly packumentCache full:https://registry.npmjs.org/@randlabs%2fmyalgo-connect set size:undefined disposed:false
192 silly fetch manifest @blockshake/defly-connect@^1.1.6
193 silly packumentCache full:https://registry.npmjs.org/@blockshake%2fdefly-connect cache-miss
194 http fetch GET 200 https://registry.npmjs.org/@blockshake%2fdefly-connect 624ms (cache miss)
195 silly packumentCache full:https://registry.npmjs.org/@blockshake%2fdefly-connect set size:undefined disposed:false
196 silly fetch manifest form-data@^4.0.4
197 silly packumentCache full:https://registry.npmjs.org/form-data cache-miss
198 http fetch GET 200 https://registry.npmjs.org/form-data 30ms (cache miss)
199 silly packumentCache full:https://registry.npmjs.org/form-data set size:undefined disposed:false
200 silly fetch manifest proxy-from-env@^1.1.0
201 silly packumentCache full:https://registry.npmjs.org/proxy-from-env cache-miss
202 http fetch GET 200 https://registry.npmjs.org/proxy-from-env 32ms (cache miss)
203 silly packumentCache full:https://registry.npmjs.org/proxy-from-env set size:undefined disposed:false
204 silly fetch manifest follow-redirects@^1.15.6
205 silly packumentCache full:https://registry.npmjs.org/follow-redirects cache-miss
206 http fetch GET 200 https://registry.npmjs.org/follow-redirects 40ms (cache revalidated)
207 silly packumentCache full:https://registry.npmjs.org/follow-redirects set size:186700 disposed:false
208 silly fetch manifest base64-js@^1.3.1
209 silly packumentCache full:https://registry.npmjs.org/base64-js cache-miss
210 http fetch GET 200 https://registry.npmjs.org/base64-js 34ms (cache miss)
211 silly packumentCache full:https://registry.npmjs.org/base64-js set size:undefined disposed:false
212 silly fetch manifest ieee754@^1.2.1
213 silly packumentCache full:https://registry.npmjs.org/ieee754 cache-miss
214 http fetch GET 200 https://registry.npmjs.org/ieee754 35ms (cache miss)
215 silly packumentCache full:https://registry.npmjs.org/ieee754 set size:undefined disposed:false
216 silly fetch manifest map-obj@^4.3.0
217 silly packumentCache full:https://registry.npmjs.org/map-obj cache-miss
218 http fetch GET 200 https://registry.npmjs.org/map-obj 60ms (cache miss)
219 silly packumentCache full:https://registry.npmjs.org/map-obj set size:undefined disposed:false
220 silly fetch manifest camelcase@^7.0.0
221 silly packumentCache full:https://registry.npmjs.org/camelcase cache-miss
222 http fetch GET 200 https://registry.npmjs.org/camelcase 32ms (cache miss)
223 silly packumentCache full:https://registry.npmjs.org/camelcase set size:undefined disposed:false
224 silly fetch manifest quick-lru@^6.1.1
225 silly packumentCache full:https://registry.npmjs.org/quick-lru cache-miss
226 http fetch GET 200 https://registry.npmjs.org/quick-lru 29ms (cache miss)
227 silly packumentCache full:https://registry.npmjs.org/quick-lru set size:undefined disposed:false
228 silly fetch manifest type-fest@^2.13.0
229 silly packumentCache full:https://registry.npmjs.org/type-fest cache-miss
230 http fetch GET 200 https://registry.npmjs.org/type-fest 45ms (cache miss)
231 silly packumentCache full:https://registry.npmjs.org/type-fest set size:undefined disposed:false
232 silly fetch manifest ora@^5.4.1
233 silly packumentCache full:https://registry.npmjs.org/ora cache-miss
234 http fetch GET 200 https://registry.npmjs.org/ora 31ms (cache miss)
235 silly packumentCache full:https://registry.npmjs.org/ora set size:undefined disposed:false
236 silly fetch manifest rxjs@^7.8.1
237 silly packumentCache full:https://registry.npmjs.org/rxjs cache-miss
238 http fetch GET 200 https://registry.npmjs.org/rxjs 46ms (cache miss)
239 silly packumentCache full:https://registry.npmjs.org/rxjs set size:undefined disposed:false
240 silly fetch manifest cli-width@^4.1.0
241 silly packumentCache full:https://registry.npmjs.org/cli-width cache-miss
242 http fetch GET 200 https://registry.npmjs.org/cli-width 42ms (cache miss)
243 silly packumentCache full:https://registry.npmjs.org/cli-width set size:undefined disposed:false
244 silly fetch manifest run-async@^3.0.0
245 silly packumentCache full:https://registry.npmjs.org/run-async cache-miss
246 http fetch GET 200 https://registry.npmjs.org/run-async 32ms (cache miss)
247 silly packumentCache full:https://registry.npmjs.org/run-async set size:undefined disposed:false
248 silly fetch manifest wrap-ansi@^6.2.0
249 silly packumentCache full:https://registry.npmjs.org/wrap-ansi cache-miss
250 http fetch GET 200 https://registry.npmjs.org/wrap-ansi 36ms (cache miss)
251 silly packumentCache full:https://registry.npmjs.org/wrap-ansi set size:undefined disposed:false
252 silly fetch manifest strip-ansi@^6.0.1
253 silly packumentCache full:https://registry.npmjs.org/strip-ansi cache-miss
254 http fetch GET 200 https://registry.npmjs.org/strip-ansi 29ms (cache miss)
255 silly packumentCache full:https://registry.npmjs.org/strip-ansi set size:undefined disposed:false
256 silly fetch manifest mute-stream@1.0.0
257 silly packumentCache full:https://registry.npmjs.org/mute-stream cache-miss
258 http fetch GET 200 https://registry.npmjs.org/mute-stream 40ms (cache miss)
259 silly packumentCache full:https://registry.npmjs.org/mute-stream set size:undefined disposed:false
260 silly fetch manifest ansi-escapes@^4.3.2
261 silly packumentCache full:https://registry.npmjs.org/ansi-escapes cache-miss
262 http fetch GET 200 https://registry.npmjs.org/ansi-escapes 30ms (cache miss)
263 silly packumentCache full:https://registry.npmjs.org/ansi-escapes set size:undefined disposed:false
264 silly fetch manifest string-width@^4.2.3
265 silly packumentCache full:https://registry.npmjs.org/string-width cache-miss
266 http fetch GET 200 https://registry.npmjs.org/string-width 44ms (cache miss)
267 silly packumentCache full:https://registry.npmjs.org/string-width set size:undefined disposed:false
268 silly fetch manifest yoctocolors-cjs@^2.1.2
269 silly packumentCache full:https://registry.npmjs.org/yoctocolors-cjs cache-miss
270 http fetch GET 200 https://registry.npmjs.org/yoctocolors-cjs 34ms (cache miss)
271 silly packumentCache full:https://registry.npmjs.org/yoctocolors-cjs set size:undefined disposed:false
272 silly fetch manifest @inquirer/figures@^1.0.3
273 silly packumentCache full:https://registry.npmjs.org/@inquirer%2ffigures cache-miss
274 http fetch GET 200 https://registry.npmjs.org/@inquirer%2ffigures 57ms (cache miss)
275 silly packumentCache full:https://registry.npmjs.org/@inquirer%2ffigures set size:undefined disposed:false
276 silly fetch manifest @inquirer/external-editor@^1.0.2
277 silly packumentCache full:https://registry.npmjs.org/@inquirer%2fexternal-editor cache-miss
278 http fetch GET 200 https://registry.npmjs.org/@inquirer%2fexternal-editor 52ms (cache miss)
279 silly packumentCache full:https://registry.npmjs.org/@inquirer%2fexternal-editor set size:undefined disposed:false
280 silly fetch manifest chalk@^1.1.1
281 silly packumentCache full:https://registry.npmjs.org/chalk cache-miss
282 http fetch GET 200 https://registry.npmjs.org/chalk 4ms (cache hit)
283 silly packumentCache full:https://registry.npmjs.org/chalk set size:117844 disposed:false
284 silly fetch manifest cli-cursor@^1.0.2
285 silly packumentCache full:https://registry.npmjs.org/cli-cursor cache-miss
286 http fetch GET 200 https://registry.npmjs.org/cli-cursor 30ms (cache miss)
287 silly packumentCache full:https://registry.npmjs.org/cli-cursor set size:undefined disposed:false
288 silly fetch manifest figures@^1.4.0
289 silly packumentCache full:https://registry.npmjs.org/figures cache-miss
290 http fetch GET 200 https://registry.npmjs.org/figures 37ms (cache miss)
291 silly packumentCache full:https://registry.npmjs.org/figures set size:undefined disposed:false
292 silly fetch manifest inquirer@^1.1.3
293 silly packumentCache full:https://registry.npmjs.org/inquirer cache-miss
294 http fetch GET 200 https://registry.npmjs.org/inquirer 4ms (cache hit)
295 silly packumentCache full:https://registry.npmjs.org/inquirer set size:542629 disposed:false
296 silly fetch manifest lodash@^4.17.11
297 silly packumentCache full:https://registry.npmjs.org/lodash cache-miss
298 http fetch GET 200 https://registry.npmjs.org/lodash 38ms (cache miss)
299 silly packumentCache full:https://registry.npmjs.org/lodash set size:undefined disposed:false
300 silly fetch manifest rx-lite@^4.0.8
301 silly packumentCache full:https://registry.npmjs.org/rx-lite cache-miss
302 http fetch GET 200 https://registry.npmjs.org/rx-lite 30ms (cache miss)
303 silly packumentCache full:https://registry.npmjs.org/rx-lite set size:undefined disposed:false
304 silly fetch manifest util@^0.10.3
305 silly packumentCache full:https://registry.npmjs.org/util cache-miss
306 http fetch GET 200 https://registry.npmjs.org/util 32ms (cache miss)
307 silly packumentCache full:https://registry.npmjs.org/util set size:undefined disposed:false
308 silly fetch manifest cli-cursor@^4.0.0
309 silly packumentCache full:https://registry.npmjs.org/cli-cursor cache-miss
310 http fetch GET 200 https://registry.npmjs.org/cli-cursor 3ms (cache hit)
311 silly packumentCache full:https://registry.npmjs.org/cli-cursor set size:18913 disposed:false
312 silly fetch manifest figures@^4.0.1
313 silly packumentCache full:https://registry.npmjs.org/figures cache-miss
314 http fetch GET 200 https://registry.npmjs.org/figures 3ms (cache hit)
315 silly packumentCache full:https://registry.npmjs.org/figures set size:64597 disposed:false
316 silly fetch manifest rxjs@^7.5.6
317 silly packumentCache full:https://registry.npmjs.org/rxjs cache-miss
318 http fetch GET 200 https://registry.npmjs.org/rxjs 5ms (cache hit)
319 silly packumentCache full:https://registry.npmjs.org/rxjs set size:980097 disposed:false
320 silly fetch manifest sade@^1.7.4
321 silly packumentCache full:https://registry.npmjs.org/sade cache-miss
322 http fetch GET 200 https://registry.npmjs.org/sade 51ms (cache miss)
323 silly packumentCache full:https://registry.npmjs.org/sade set size:undefined disposed:false
324 silly fetch manifest chokidar@^3.4.1
325 silly packumentCache full:https://registry.npmjs.org/chokidar cache-miss
326 http fetch GET 200 https://registry.npmjs.org/chokidar 52ms (cache miss)
327 silly packumentCache full:https://registry.npmjs.org/chokidar set size:undefined disposed:false
328 silly fetch manifest fast-glob@^3.2.7
329 silly packumentCache full:https://registry.npmjs.org/fast-glob cache-miss
330 http fetch GET 200 https://registry.npmjs.org/fast-glob 43ms (cache miss)
331 silly packumentCache full:https://registry.npmjs.org/fast-glob set size:undefined disposed:false
332 silly fetch manifest picocolors@^1.0.0
333 silly packumentCache full:https://registry.npmjs.org/picocolors cache-miss
334 http fetch GET 200 https://registry.npmjs.org/picocolors 51ms (cache miss)
335 silly packumentCache full:https://registry.npmjs.org/picocolors set size:undefined disposed:false
336 silly fetch manifest typescript@*
337 silly packumentCache full:https://registry.npmjs.org/typescript cache-miss
338 http fetch GET 200 https://registry.npmjs.org/typescript 40ms (cache hit)
339 silly packumentCache full:https://registry.npmjs.org/typescript set size:14780663 disposed:false
340 silly fetch manifest import-fresh@^3.2.1
341 silly packumentCache full:https://registry.npmjs.org/import-fresh cache-miss
342 http fetch GET 200 https://registry.npmjs.org/import-fresh 56ms (cache miss)
343 silly packumentCache full:https://registry.npmjs.org/import-fresh set size:undefined disposed:false
344 silly fetch manifest svelte-preprocess@^4.0.0
345 silly packumentCache full:https://registry.npmjs.org/svelte-preprocess cache-miss
346 http fetch GET 200 https://registry.npmjs.org/svelte-preprocess 9ms (cache hit)
347 silly packumentCache full:https://registry.npmjs.org/svelte-preprocess set size:782583 disposed:false
348 silly fetch manifest @jridgewell/trace-mapping@^0.3.9
349 silly packumentCache full:https://registry.npmjs.org/@jridgewell%2ftrace-mapping cache-miss
350 http fetch GET 200 https://registry.npmjs.org/@jridgewell%2ftrace-mapping 53ms (cache miss)
351 silly packumentCache full:https://registry.npmjs.org/@jridgewell%2ftrace-mapping set size:undefined disposed:false
352 silly fetch manifest sorcery@^0.11.0
353 silly packumentCache full:https://registry.npmjs.org/sorcery cache-miss
354 http fetch GET 200 https://registry.npmjs.org/sorcery 50ms (cache miss)
355 silly packumentCache full:https://registry.npmjs.org/sorcery set size:undefined disposed:false
356 silly fetch manifest @types/pug@^2.0.6
357 silly packumentCache full:https://registry.npmjs.org/@types%2fpug cache-miss
358 http fetch GET 200 https://registry.npmjs.org/@types%2fpug 114ms (cache miss)
359 silly packumentCache full:https://registry.npmjs.org/@types%2fpug set size:undefined disposed:false
360 silly fetch manifest magic-string@^0.30.5
361 silly packumentCache full:https://registry.npmjs.org/magic-string cache-miss
362 http fetch GET 200 https://registry.npmjs.org/magic-string 66ms (cache miss)
363 silly packumentCache full:https://registry.npmjs.org/magic-string set size:undefined disposed:false
364 silly fetch manifest strip-indent@^3.0.0
365 silly packumentCache full:https://registry.npmjs.org/strip-indent cache-miss
366 http fetch GET 200 https://registry.npmjs.org/strip-indent 36ms (cache miss)
367 silly packumentCache full:https://registry.npmjs.org/strip-indent set size:undefined disposed:false
368 silly fetch manifest detect-indent@^6.1.0
369 silly packumentCache full:https://registry.npmjs.org/detect-indent cache-miss
370 http fetch GET 200 https://registry.npmjs.org/detect-indent 54ms (cache miss)
371 silly packumentCache full:https://registry.npmjs.org/detect-indent set size:undefined disposed:false
372 silly fetch manifest algosdk@^3.0.0
373 silly packumentCache full:https://registry.npmjs.org/algosdk cache-miss
374 http fetch GET 200 https://registry.npmjs.org/algosdk 4ms (cache hit)
375 silly packumentCache full:https://registry.npmjs.org/algosdk set size:303108 disposed:false
376 silly placeDep ROOT @blockshake/defly-connect@1.2.1 OK for: algostack@0.4.49 want: ^1.1.6
377 silly placeDep ROOT @json-rpc-tools/utils@1.7.6 OK for: algostack@0.4.49 want: ^1.7.6
378 silly placeDep ROOT @perawallet/connect@1.4.2 OK for: algostack@0.4.49 want: ^1.3.4
379 silly placeDep ROOT @randlabs/myalgo-connect@1.4.2 OK for: algostack@0.4.49 want: ^1.4.2
380 silly placeDep ROOT @types/lodash@4.17.20 OK for: algostack@0.4.49 want: ^4.14.165
381 silly placeDep ROOT @types/node@18.19.130 OK for: algostack@0.4.49 want: ^18.7.14
382 silly placeDep ROOT algosdk@2.11.0 OK for: algostack@0.4.49 want: ^2.7.0
383 silly placeDep node_modules/algostack camelcase-keys@7.0.2 OK for: algostack@0.4.49 want: ^7.0.2
384 silly placeDep ROOT dexie@3.2.7 OK for: algostack@0.4.49 want: ^3.2.4
385 silly placeDep ROOT fake-indexeddb@5.0.2 OK for: algostack@0.4.49 want: ^5.0.1
386 silly placeDep ROOT kebabcase-keys@1.0.0 OK for: algostack@0.4.49 want: ^1.0.0
387 silly placeDep ROOT multiformats@12.1.3 OK for: algostack@0.4.49 want: ^12.1.2
388 silly placeDep ROOT object-hash@3.0.0 OK for: algostack@0.4.49 want: ^3.0.0
389 silly placeDep ROOT p-ratelimit@1.0.1 OK for: algostack@0.4.49 want: ^1.0.1
390 silly fetch manifest @likecoin/qr-code-styling@^1.6.6
391 silly packumentCache full:https://registry.npmjs.org/@likecoin%2fqr-code-styling cache-miss
392 http fetch GET 200 https://registry.npmjs.org/@likecoin%2fqr-code-styling 674ms (cache miss)
393 silly packumentCache full:https://registry.npmjs.org/@likecoin%2fqr-code-styling set size:undefined disposed:false
394 silly fetch manifest @walletconnect/client@^1.8.0
395 silly packumentCache full:https://registry.npmjs.org/@walletconnect%2fclient cache-miss
396 http fetch GET 200 https://registry.npmjs.org/@walletconnect%2fclient 131ms (cache miss)
397 silly packumentCache full:https://registry.npmjs.org/@walletconnect%2fclient set size:undefined disposed:false
398 silly fetch manifest @walletconnect/types@^1.8.0
399 silly packumentCache full:https://registry.npmjs.org/@walletconnect%2ftypes cache-miss
400 http fetch GET 200 https://registry.npmjs.org/@walletconnect%2ftypes 125ms (cache miss)
401 silly packumentCache full:https://registry.npmjs.org/@walletconnect%2ftypes set size:undefined disposed:false
402 silly fetch manifest bowser@2.11.0
403 silly packumentCache full:https://registry.npmjs.org/bowser cache-miss
404 http fetch GET 200 https://registry.npmjs.org/bowser 36ms (cache miss)
405 silly packumentCache full:https://registry.npmjs.org/bowser set size:undefined disposed:false
406 silly fetch manifest lottie-web@^5.12.2
407 silly packumentCache full:https://registry.npmjs.org/lottie-web cache-miss
408 http fetch GET 200 https://registry.npmjs.org/lottie-web 33ms (cache miss)
409 silly packumentCache full:https://registry.npmjs.org/lottie-web set size:undefined disposed:false
410 silly fetch manifest @json-rpc-tools/types@^1.7.6
411 silly packumentCache full:https://registry.npmjs.org/@json-rpc-tools%2ftypes cache-miss
412 http fetch GET 200 https://registry.npmjs.org/@json-rpc-tools%2ftypes 584ms (cache miss)
413 silly packumentCache full:https://registry.npmjs.org/@json-rpc-tools%2ftypes set size:undefined disposed:false
414 silly fetch manifest @pedrouid/environment@^1.0.1
415 silly packumentCache full:https://registry.npmjs.org/@pedrouid%2fenvironment cache-miss
416 http fetch GET 200 https://registry.npmjs.org/@pedrouid%2fenvironment 679ms (cache miss)
417 silly packumentCache full:https://registry.npmjs.org/@pedrouid%2fenvironment set size:undefined disposed:false
418 silly fetch manifest @evanhahn/lottie-web-light@5.8.1
419 silly packumentCache full:https://registry.npmjs.org/@evanhahn%2flottie-web-light cache-miss
420 http fetch GET 200 https://registry.npmjs.org/@evanhahn%2flottie-web-light 708ms (cache miss)
421 silly packumentCache full:https://registry.npmjs.org/@evanhahn%2flottie-web-light set size:undefined disposed:false
422 silly fetch manifest qr-code-styling@1.6.0-rc.1
423 silly packumentCache full:https://registry.npmjs.org/qr-code-styling cache-miss
424 http fetch GET 200 https://registry.npmjs.org/qr-code-styling 57ms (cache miss)
425 silly packumentCache full:https://registry.npmjs.org/qr-code-styling set size:undefined disposed:false
426 silly fetch manifest @randlabs/communication-bridge@1.0.1
427 silly packumentCache full:https://registry.npmjs.org/@randlabs%2fcommunication-bridge cache-miss
428 http fetch GET 200 https://registry.npmjs.org/@randlabs%2fcommunication-bridge 103ms (cache miss)
429 silly packumentCache full:https://registry.npmjs.org/@randlabs%2fcommunication-bridge set size:undefined disposed:false
430 silly fetch manifest undici-types@~5.26.4
431 silly packumentCache full:https://registry.npmjs.org/undici-types cache-miss
432 http fetch GET 200 https://registry.npmjs.org/undici-types 36ms (cache revalidated)
433 silly packumentCache full:https://registry.npmjs.org/undici-types set size:148959 disposed:false
434 silly fetch manifest vlq@^2.0.4
435 silly packumentCache full:https://registry.npmjs.org/vlq cache-miss
436 http fetch GET 200 https://registry.npmjs.org/vlq 32ms (cache miss)
437 silly packumentCache full:https://registry.npmjs.org/vlq set size:undefined disposed:false
438 silly fetch manifest js-sha3@^0.8.0
439 silly packumentCache full:https://registry.npmjs.org/js-sha3 cache-miss
440 http fetch GET 200 https://registry.npmjs.org/js-sha3 38ms (cache miss)
441 silly packumentCache full:https://registry.npmjs.org/js-sha3 set size:undefined disposed:false
442 silly fetch manifest hi-base32@^0.5.1
443 silly packumentCache full:https://registry.npmjs.org/hi-base32 cache-miss
444 http fetch GET 200 https://registry.npmjs.org/hi-base32 46ms (cache miss)
445 silly packumentCache full:https://registry.npmjs.org/hi-base32 set size:undefined disposed:false
446 silly fetch manifest js-sha256@^0.9.0
447 silly packumentCache full:https://registry.npmjs.org/js-sha256 cache-miss
448 http fetch GET 200 https://registry.npmjs.org/js-sha256 51ms (cache miss)
449 silly packumentCache full:https://registry.npmjs.org/js-sha256 set size:undefined disposed:false
450 silly fetch manifest js-sha512@^0.8.0
451 silly packumentCache full:https://registry.npmjs.org/js-sha512 cache-miss
452 http fetch GET 200 https://registry.npmjs.org/js-sha512 55ms (cache miss)
453 silly packumentCache full:https://registry.npmjs.org/js-sha512 set size:undefined disposed:false
454 silly fetch manifest tweetnacl@^1.0.3
455 silly packumentCache full:https://registry.npmjs.org/tweetnacl cache-miss
456 http fetch GET 200 https://registry.npmjs.org/tweetnacl 34ms (cache miss)
457 silly packumentCache full:https://registry.npmjs.org/tweetnacl set size:undefined disposed:false
458 silly fetch manifest json-bigint@^1.0.0
459 silly packumentCache full:https://registry.npmjs.org/json-bigint cache-miss
460 http fetch GET 200 https://registry.npmjs.org/json-bigint 44ms (cache miss)
461 silly packumentCache full:https://registry.npmjs.org/json-bigint set size:undefined disposed:false
462 silly fetch manifest algo-msgpack-with-bigint@^2.1.1
463 silly packumentCache full:https://registry.npmjs.org/algo-msgpack-with-bigint cache-miss
464 http fetch GET 200 https://registry.npmjs.org/algo-msgpack-with-bigint 52ms (cache miss)
465 silly packumentCache full:https://registry.npmjs.org/algo-msgpack-with-bigint set size:undefined disposed:false
466 silly fetch manifest map-obj@^4.1.0
467 silly packumentCache full:https://registry.npmjs.org/map-obj cache-miss
468 http fetch GET 200 https://registry.npmjs.org/map-obj 40ms (cache hit)
469 silly packumentCache full:https://registry.npmjs.org/map-obj set size:35298 disposed:false
470 silly fetch manifest camelcase@^6.3.0
471 silly packumentCache full:https://registry.npmjs.org/camelcase cache-miss
472 http fetch GET 200 https://registry.npmjs.org/camelcase 10ms (cache hit)
473 silly packumentCache full:https://registry.npmjs.org/camelcase set size:57059 disposed:false
474 silly fetch manifest quick-lru@^5.1.1
475 silly packumentCache full:https://registry.npmjs.org/quick-lru cache-miss
476 http fetch GET 200 https://registry.npmjs.org/quick-lru 4ms (cache hit)
477 silly packumentCache full:https://registry.npmjs.org/quick-lru set size:53443 disposed:false
478 silly fetch manifest type-fest@^1.2.1
479 silly packumentCache full:https://registry.npmjs.org/type-fest cache-miss
480 http fetch GET 200 https://registry.npmjs.org/type-fest 4ms (cache hit)
481 silly packumentCache full:https://registry.npmjs.org/type-fest set size:535104 disposed:false
482 silly fetch manifest lodash.kebabcase@^4.1.1
483 silly packumentCache full:https://registry.npmjs.org/lodash.kebabcase cache-miss
484 http fetch GET 200 https://registry.npmjs.org/lodash.kebabcase 30ms (cache miss)
485 silly packumentCache full:https://registry.npmjs.org/lodash.kebabcase set size:undefined disposed:false
486 silly fetch manifest map-obj@^3.0.0
487 silly packumentCache full:https://registry.npmjs.org/map-obj cache-hit
488 silly fetch manifest quick-lru@^1.0.0
489 silly packumentCache full:https://registry.npmjs.org/quick-lru cache-hit
490 silly placeDep ROOT @likecoin/qr-code-styling@1.6.6 OK for: @blockshake/defly-connect@1.2.1 want: ^1.6.6
491 silly placeDep ROOT @walletconnect/client@1.8.0 OK for: @blockshake/defly-connect@1.2.1 want: ^1.8.0
492 silly placeDep ROOT @walletconnect/types@1.8.0 OK for: @blockshake/defly-connect@1.2.1 want: ^1.8.0
493 silly placeDep ROOT algosdk@3.5.2 REPLACE for: @blockshake/defly-connect@1.2.1 want: ^3.0.0
494 silly placeDep ROOT bowser@2.11.0 OK for: @blockshake/defly-connect@1.2.1 want: 2.11.0
495 silly placeDep ROOT lottie-web@5.13.0 OK for: @blockshake/defly-connect@1.2.1 want: ^5.12.2
496 silly fetch manifest qrcode-generator@^1.4.3
497 silly packumentCache full:https://registry.npmjs.org/qrcode-generator cache-miss
498 http fetch GET 200 https://registry.npmjs.org/qrcode-generator 46ms (cache miss)
499 silly packumentCache full:https://registry.npmjs.org/qrcode-generator set size:undefined disposed:false
500 silly fetch manifest @walletconnect/core@^1.8.0
501 silly packumentCache full:https://registry.npmjs.org/@walletconnect%2fcore cache-miss
502 http fetch GET 200 https://registry.npmjs.org/@walletconnect%2fcore 87ms (cache miss)
503 silly packumentCache full:https://registry.npmjs.org/@walletconnect%2fcore set size:undefined disposed:false
504 silly fetch manifest @walletconnect/utils@^1.8.0
505 silly packumentCache full:https://registry.npmjs.org/@walletconnect%2futils cache-miss
506 http fetch GET 200 https://registry.npmjs.org/@walletconnect%2futils 149ms (cache miss)
507 silly packumentCache full:https://registry.npmjs.org/@walletconnect%2futils set size:undefined disposed:false
508 silly fetch manifest @walletconnect/iso-crypto@^1.8.0
509 silly packumentCache full:https://registry.npmjs.org/@walletconnect%2fiso-crypto cache-miss
510 http fetch GET 200 https://registry.npmjs.org/@walletconnect%2fiso-crypto 914ms (cache miss)
511 silly packumentCache full:https://registry.npmjs.org/@walletconnect%2fiso-crypto set size:undefined disposed:false
512 silly fetch manifest algorand-msgpack@^1.1.0
513 silly packumentCache full:https://registry.npmjs.org/algorand-msgpack cache-miss
514 http fetch GET 200 https://registry.npmjs.org/algorand-msgpack 106ms (cache miss)
515 silly packumentCache full:https://registry.npmjs.org/algorand-msgpack set size:undefined disposed:false
516 silly placeDep ROOT @json-rpc-tools/types@1.7.6 OK for: @json-rpc-tools/utils@1.7.6 want: ^1.7.6
517 silly placeDep ROOT @pedrouid/environment@1.0.1 OK for: @json-rpc-tools/utils@1.7.6 want: ^1.0.1
518 silly fetch manifest keyvaluestorage-interface@^1.0.0
519 silly packumentCache full:https://registry.npmjs.org/keyvaluestorage-interface cache-miss
520 http fetch GET 200 https://registry.npmjs.org/keyvaluestorage-interface 42ms (cache miss)
521 silly packumentCache full:https://registry.npmjs.org/keyvaluestorage-interface set size:undefined disposed:false
522 silly placeDep ROOT keyvaluestorage-interface@1.0.0 OK for: @json-rpc-tools/types@1.7.6 want: ^1.0.0
523 silly placeDep ROOT qrcode-generator@1.5.2 OK for: @likecoin/qr-code-styling@1.6.6 want: ^1.4.3
524 silly placeDep ROOT @evanhahn/lottie-web-light@5.8.1 OK for: @perawallet/connect@1.4.2 want: 5.8.1
525 silly placeDep ROOT qr-code-styling@1.6.0-rc.1 OK for: @perawallet/connect@1.4.2 want: 1.6.0-rc.1
526 silly placeDep ROOT @randlabs/communication-bridge@1.0.1 OK for: @randlabs/myalgo-connect@1.4.2 want: 1.0.1
527 silly placeDep ROOT undici-types@5.26.5 OK for: @types/node@18.19.130 want: ~5.26.4
528 silly placeDep ROOT @walletconnect/core@1.8.0 OK for: @walletconnect/client@1.8.0 want: ^1.8.0
529 silly placeDep ROOT @walletconnect/iso-crypto@1.8.0 OK for: @walletconnect/client@1.8.0 want: ^1.8.0
530 silly placeDep ROOT @walletconnect/utils@1.8.0 OK for: @walletconnect/client@1.8.0 want: ^1.8.0
531 silly fetch manifest @walletconnect/socket-transport@^1.8.0
532 silly packumentCache full:https://registry.npmjs.org/@walletconnect%2fsocket-transport cache-miss
533 http fetch GET 200 https://registry.npmjs.org/@walletconnect%2fsocket-transport 186ms (cache miss)
534 silly packumentCache full:https://registry.npmjs.org/@walletconnect%2fsocket-transport set size:undefined disposed:false
535 silly fetch manifest @walletconnect/crypto@^1.0.2
536 silly packumentCache full:https://registry.npmjs.org/@walletconnect%2fcrypto cache-miss
537 http fetch GET 200 https://registry.npmjs.org/@walletconnect%2fcrypto 570ms (cache miss)
538 silly packumentCache full:https://registry.npmjs.org/@walletconnect%2fcrypto set size:undefined disposed:false
539 silly fetch manifest bn.js@4.11.8
540 silly packumentCache full:https://registry.npmjs.org/bn.js cache-miss
541 http fetch GET 200 https://registry.npmjs.org/bn.js 42ms (cache miss)
542 silly packumentCache full:https://registry.npmjs.org/bn.js set size:undefined disposed:false
543 silly fetch manifest js-sha3@0.8.0
544 silly packumentCache full:https://registry.npmjs.org/js-sha3 cache-miss
545 http fetch GET 200 https://registry.npmjs.org/js-sha3 4ms (cache hit)
546 silly packumentCache full:https://registry.npmjs.org/js-sha3 set size:44756 disposed:false
547 silly fetch manifest query-string@6.13.5
548 silly packumentCache full:https://registry.npmjs.org/query-string cache-miss
549 http fetch GET 200 https://registry.npmjs.org/query-string 37ms (cache miss)
550 silly packumentCache full:https://registry.npmjs.org/query-string set size:undefined disposed:false
551 silly fetch manifest @walletconnect/encoding@^1.0.1
552 silly packumentCache full:https://registry.npmjs.org/@walletconnect%2fencoding cache-miss
553 http fetch GET 200 https://registry.npmjs.org/@walletconnect%2fencoding 91ms (cache miss)
554 silly packumentCache full:https://registry.npmjs.org/@walletconnect%2fencoding set size:undefined disposed:false
555 silly fetch manifest @walletconnect/browser-utils@^1.8.0
556 silly packumentCache full:https://registry.npmjs.org/@walletconnect%2fbrowser-utils cache-miss
557 http fetch GET 200 https://registry.npmjs.org/@walletconnect%2fbrowser-utils 680ms (cache miss)
558 silly packumentCache full:https://registry.npmjs.org/@walletconnect%2fbrowser-utils set size:undefined disposed:false
559 silly fetch manifest @walletconnect/jsonrpc-utils@^1.0.3
560 silly packumentCache full:https://registry.npmjs.org/@walletconnect%2fjsonrpc-utils cache-miss
561 http fetch GET 200 https://registry.npmjs.org/@walletconnect%2fjsonrpc-utils 89ms (cache miss)
562 silly packumentCache full:https://registry.npmjs.org/@walletconnect%2fjsonrpc-utils set size:undefined disposed:false
563 silly placeDep ROOT @walletconnect/socket-transport@1.8.0 OK for: @walletconnect/core@1.8.0 want: ^1.8.0
564 silly fetch manifest ws@7.5.3
565 silly packumentCache full:https://registry.npmjs.org/ws cache-miss
566 http fetch GET 200 https://registry.npmjs.org/ws 53ms (cache miss)
567 silly packumentCache full:https://registry.npmjs.org/ws set size:undefined disposed:false
568 silly placeDep ROOT @walletconnect/crypto@1.1.0 OK for: @walletconnect/iso-crypto@1.8.0 want: ^1.0.2
569 silly fetch manifest tslib@1.14.1
570 silly packumentCache full:https://registry.npmjs.org/tslib cache-miss
571 http fetch GET 200 https://registry.npmjs.org/tslib 38ms (cache miss)
572 silly packumentCache full:https://registry.npmjs.org/tslib set size:undefined disposed:false
573 silly fetch manifest @noble/hashes@1.7.0
574 silly packumentCache full:https://registry.npmjs.org/@noble%2fhashes cache-miss
575 http fetch GET 200 https://registry.npmjs.org/@noble%2fhashes 45ms (cache miss)
576 silly packumentCache full:https://registry.npmjs.org/@noble%2fhashes set size:undefined disposed:false
577 silly fetch manifest @noble/ciphers@1.2.0
578 silly packumentCache full:https://registry.npmjs.org/@noble%2fciphers cache-miss
579 http fetch GET 200 https://registry.npmjs.org/@noble%2fciphers 57ms (cache miss)
580 silly packumentCache full:https://registry.npmjs.org/@noble%2fciphers set size:undefined disposed:false
581 silly fetch manifest @walletconnect/encoding@^1.0.2
582 silly packumentCache full:https://registry.npmjs.org/@walletconnect%2fencoding cache-miss
583 http fetch GET 200 https://registry.npmjs.org/@walletconnect%2fencoding 3ms (cache hit)
584 silly packumentCache full:https://registry.npmjs.org/@walletconnect%2fencoding set size:17677 disposed:false
585 silly fetch manifest @walletconnect/environment@^1.0.1
586 silly packumentCache full:https://registry.npmjs.org/@walletconnect%2fenvironment cache-miss
587 http fetch GET 200 https://registry.npmjs.org/@walletconnect%2fenvironment 66ms (cache miss)
588 silly packumentCache full:https://registry.npmjs.org/@walletconnect%2fenvironment set size:undefined disposed:false
589 silly fetch manifest @walletconnect/randombytes@^1.0.3
590 silly packumentCache full:https://registry.npmjs.org/@walletconnect%2frandombytes cache-miss
591 http fetch GET 200 https://registry.npmjs.org/@walletconnect%2frandombytes 665ms (cache miss)
592 silly packumentCache full:https://registry.npmjs.org/@walletconnect%2frandombytes set size:undefined disposed:false
593 silly placeDep ROOT @noble/ciphers@1.2.0 OK for: @walletconnect/crypto@1.1.0 want: 1.2.0
594 silly placeDep ROOT @noble/hashes@1.7.0 OK for: @walletconnect/crypto@1.1.0 want: 1.7.0
595 silly placeDep ROOT @walletconnect/encoding@1.0.2 OK for: @walletconnect/crypto@1.1.0 want: ^1.0.2
596 silly placeDep ROOT @walletconnect/environment@1.0.1 OK for: @walletconnect/crypto@1.1.0 want: ^1.0.1
597 silly placeDep ROOT @walletconnect/randombytes@1.1.0 OK for: @walletconnect/crypto@1.1.0 want: ^1.0.3
598 silly placeDep ROOT tslib@1.14.1 OK for: @walletconnect/crypto@1.1.0 want: 1.14.1
599 silly fetch manifest is-typedarray@1.0.0
600 silly packumentCache full:https://registry.npmjs.org/is-typedarray cache-miss
601 http fetch GET 200 https://registry.npmjs.org/is-typedarray 40ms (cache miss)
602 silly packumentCache full:https://registry.npmjs.org/is-typedarray set size:undefined disposed:false
603 silly fetch manifest typedarray-to-buffer@3.1.5
604 silly packumentCache full:https://registry.npmjs.org/typedarray-to-buffer cache-miss
605 http fetch GET 200 https://registry.npmjs.org/typedarray-to-buffer 64ms (cache miss)
606 silly packumentCache full:https://registry.npmjs.org/typedarray-to-buffer set size:undefined disposed:false
607 silly placeDep ROOT is-typedarray@1.0.0 OK for: @walletconnect/encoding@1.0.2 want: 1.0.0
608 silly placeDep ROOT typedarray-to-buffer@3.1.5 OK for: @walletconnect/encoding@1.0.2 want: 3.1.5
609 silly fetch manifest bufferutil@^4.0.1
610 silly packumentCache full:https://registry.npmjs.org/bufferutil cache-miss
611 http fetch GET 200 https://registry.npmjs.org/bufferutil 30ms (cache miss)
612 silly packumentCache full:https://registry.npmjs.org/bufferutil set size:undefined disposed:false
613 silly fetch manifest utf-8-validate@^5.0.2
614 silly packumentCache full:https://registry.npmjs.org/utf-8-validate cache-miss
615 http fetch GET 200 https://registry.npmjs.org/utf-8-validate 48ms (cache miss)
616 silly packumentCache full:https://registry.npmjs.org/utf-8-validate set size:undefined disposed:false
617 silly placeDep ROOT ws@7.5.3 OK for: @walletconnect/socket-transport@1.8.0 want: 7.5.3
618 silly placeDep ROOT @walletconnect/browser-utils@1.8.0 OK for: @walletconnect/utils@1.8.0 want: ^1.8.0
619 silly placeDep ROOT @walletconnect/jsonrpc-utils@1.0.8 OK for: @walletconnect/utils@1.8.0 want: ^1.0.3
620 silly placeDep ROOT bn.js@4.11.8 OK for: @walletconnect/utils@1.8.0 want: 4.11.8
621 silly placeDep ROOT js-sha3@0.8.0 OK for: @walletconnect/utils@1.8.0 want: 0.8.0
622 silly placeDep ROOT query-string@6.13.5 OK for: @walletconnect/utils@1.8.0 want: 6.13.5
623 silly fetch manifest detect-browser@5.2.0
624 silly packumentCache full:https://registry.npmjs.org/detect-browser cache-miss
625 http fetch GET 200 https://registry.npmjs.org/detect-browser 198ms (cache miss)
626 silly packumentCache full:https://registry.npmjs.org/detect-browser set size:undefined disposed:false
627 silly fetch manifest @walletconnect/safe-json@1.0.0
628 silly packumentCache full:https://registry.npmjs.org/@walletconnect%2fsafe-json cache-miss
629 http fetch GET 200 https://registry.npmjs.org/@walletconnect%2fsafe-json 75ms (cache miss)
630 silly packumentCache full:https://registry.npmjs.org/@walletconnect%2fsafe-json set size:undefined disposed:false
631 silly fetch manifest @walletconnect/window-getters@1.0.0
632 silly packumentCache full:https://registry.npmjs.org/@walletconnect%2fwindow-getters cache-miss
633 http fetch GET 200 https://registry.npmjs.org/@walletconnect%2fwindow-getters 61ms (cache miss)
634 silly packumentCache full:https://registry.npmjs.org/@walletconnect%2fwindow-getters set size:undefined disposed:false
635 silly fetch manifest @walletconnect/window-metadata@1.0.0
636 silly packumentCache full:https://registry.npmjs.org/@walletconnect%2fwindow-metadata cache-miss
637 http fetch GET 200 https://registry.npmjs.org/@walletconnect%2fwindow-metadata 66ms (cache miss)
638 silly packumentCache full:https://registry.npmjs.org/@walletconnect%2fwindow-metadata set size:undefined disposed:false
639 silly fetch manifest @walletconnect/jsonrpc-types@^1.0.3
640 silly packumentCache full:https://registry.npmjs.org/@walletconnect%2fjsonrpc-types cache-miss
641 http fetch GET 200 https://registry.npmjs.org/@walletconnect%2fjsonrpc-types 95ms (cache miss)
642 silly packumentCache full:https://registry.npmjs.org/@walletconnect%2fjsonrpc-types set size:undefined disposed:false
643 silly fetch manifest split-on-first@^1.0.0
644 silly packumentCache full:https://registry.npmjs.org/split-on-first cache-miss
645 http fetch GET 200 https://registry.npmjs.org/split-on-first 29ms (cache miss)
646 silly packumentCache full:https://registry.npmjs.org/split-on-first set size:undefined disposed:false
647 silly fetch manifest strict-uri-encode@^2.0.0
648 silly packumentCache full:https://registry.npmjs.org/strict-uri-encode cache-miss
649 http fetch GET 200 https://registry.npmjs.org/strict-uri-encode 28ms (cache miss)
650 silly packumentCache full:https://registry.npmjs.org/strict-uri-encode set size:undefined disposed:false
651 silly fetch manifest decode-uri-component@^0.2.0
652 silly packumentCache full:https://registry.npmjs.org/decode-uri-component cache-miss
653 http fetch GET 200 https://registry.npmjs.org/decode-uri-component 36ms (cache miss)
654 silly packumentCache full:https://registry.npmjs.org/decode-uri-component set size:undefined disposed:false
655 silly placeDep ROOT @walletconnect/safe-json@1.0.0 OK for: @walletconnect/browser-utils@1.8.0 want: 1.0.0
656 silly placeDep ROOT @walletconnect/window-getters@1.0.0 OK for: @walletconnect/browser-utils@1.8.0 want: 1.0.0
657 silly placeDep ROOT @walletconnect/window-metadata@1.0.0 OK for: @walletconnect/browser-utils@1.8.0 want: 1.0.0
658 silly placeDep ROOT detect-browser@5.2.0 OK for: @walletconnect/browser-utils@1.8.0 want: 5.2.0
659 silly placeDep ROOT @walletconnect/jsonrpc-types@1.0.4 OK for: @walletconnect/jsonrpc-utils@1.0.8 want: ^1.0.3
660 silly fetch manifest events@^3.3.0
661 silly packumentCache full:https://registry.npmjs.org/events cache-miss
662 http fetch GET 200 https://registry.npmjs.org/events 44ms (cache miss)
663 silly packumentCache full:https://registry.npmjs.org/events set size:undefined disposed:false
664 silly placeDep ROOT events@3.3.0 OK for: @walletconnect/jsonrpc-types@1.0.4 want: ^3.3.0
665 silly placeDep ROOT algorand-msgpack@1.1.0 OK for: algosdk@3.5.2 want: ^1.1.0
666 silly placeDep ROOT hi-base32@0.5.1 OK for: algosdk@3.5.2 want: ^0.5.1
667 silly placeDep ROOT js-sha256@0.9.0 OK for: algosdk@3.5.2 want: ^0.9.0
668 silly placeDep ROOT js-sha512@0.8.0 OK for: algosdk@3.5.2 want: ^0.8.0
669 silly placeDep ROOT json-bigint@1.0.0 OK for: algosdk@3.5.2 want: ^1.0.0
670 silly placeDep ROOT tweetnacl@1.0.3 OK for: algosdk@3.5.2 want: ^1.0.3
671 silly placeDep ROOT vlq@2.0.4 OK for: algosdk@3.5.2 want: ^2.0.4
672 silly fetch manifest bignumber.js@^9.0.0
673 silly packumentCache full:https://registry.npmjs.org/bignumber.js cache-miss
674 http fetch GET 200 https://registry.npmjs.org/bignumber.js 33ms (cache miss)
675 silly packumentCache full:https://registry.npmjs.org/bignumber.js set size:undefined disposed:false
676 silly placeDep node_modules/algostack algosdk@2.11.0 OK for: algostack@0.4.49 want: ^2.7.0
677 silly placeDep ROOT follow-redirects@1.15.11 OK for: axios@1.12.2 want: ^1.15.6
678 silly placeDep ROOT form-data@4.0.4 OK for: axios@1.12.2 want: ^4.0.4
679 silly placeDep ROOT proxy-from-env@1.1.0 OK for: axios@1.12.2 want: ^1.1.0
680 silly fetch manifest hasown@^2.0.2
681 silly packumentCache full:https://registry.npmjs.org/hasown cache-miss
682 http fetch GET 200 https://registry.npmjs.org/hasown 40ms (cache revalidated)
683 silly packumentCache full:https://registry.npmjs.org/hasown set size:12476 disposed:false
684 silly fetch manifest asynckit@^0.4.0
685 silly packumentCache full:https://registry.npmjs.org/asynckit cache-miss
686 http fetch GET 200 https://registry.npmjs.org/asynckit 46ms (cache miss)
687 silly packumentCache full:https://registry.npmjs.org/asynckit set size:undefined disposed:false
688 silly fetch manifest mime-types@^2.1.12
689 silly packumentCache full:https://registry.npmjs.org/mime-types cache-miss
690 http fetch GET 200 https://registry.npmjs.org/mime-types 38ms (cache revalidated)
691 silly packumentCache full:https://registry.npmjs.org/mime-types set size:136716 disposed:false
692 silly fetch manifest combined-stream@^1.0.8
693 silly packumentCache full:https://registry.npmjs.org/combined-stream cache-miss
694 http fetch GET 200 https://registry.npmjs.org/combined-stream 33ms (cache miss)
695 silly packumentCache full:https://registry.npmjs.org/combined-stream set size:undefined disposed:false
696 silly fetch manifest es-set-tostringtag@^2.1.0
697 silly packumentCache full:https://registry.npmjs.org/es-set-tostringtag cache-miss
698 http fetch GET 200 https://registry.npmjs.org/es-set-tostringtag 39ms (cache miss)
699 silly packumentCache full:https://registry.npmjs.org/es-set-tostringtag set size:undefined disposed:false
700 silly placeDep ROOT base64-js@1.5.1 OK for: buffer@6.0.3 want: ^1.3.1
701 silly placeDep ROOT ieee754@1.2.1 OK for: buffer@6.0.3 want: ^1.2.1
702 silly placeDep ROOT camelcase@7.0.1 OK for: camelcase-keys@8.0.2 want: ^7.0.0
703 silly placeDep ROOT map-obj@4.3.0 OK for: camelcase-keys@8.0.2 want: ^4.3.0
704 silly placeDep ROOT quick-lru@6.1.2 OK for: camelcase-keys@8.0.2 want: ^6.1.1
705 silly placeDep ROOT type-fest@2.19.0 OK for: camelcase-keys@8.0.2 want: ^2.13.0
706 silly placeDep ROOT asynckit@0.4.0 OK for: form-data@4.0.4 want: ^0.4.0
707 silly placeDep ROOT combined-stream@1.0.8 OK for: form-data@4.0.4 want: ^1.0.8
708 silly placeDep ROOT es-set-tostringtag@2.1.0 OK for: form-data@4.0.4 want: ^2.1.0
709 silly placeDep ROOT hasown@2.0.2 OK for: form-data@4.0.4 want: ^2.0.2
710 silly placeDep ROOT mime-types@2.1.35 OK for: form-data@4.0.4 want: ^2.1.12
711 silly fetch manifest delayed-stream@~1.0.0
712 silly packumentCache full:https://registry.npmjs.org/delayed-stream cache-miss
713 http fetch GET 200 https://registry.npmjs.org/delayed-stream 38ms (cache miss)
714 silly packumentCache full:https://registry.npmjs.org/delayed-stream set size:undefined disposed:false
715 silly fetch manifest es-errors@^1.3.0
716 silly packumentCache full:https://registry.npmjs.org/es-errors cache-miss
717 http fetch GET 200 https://registry.npmjs.org/es-errors 37ms (cache revalidated)
718 silly packumentCache full:https://registry.npmjs.org/es-errors set size:16918 disposed:false
719 silly fetch manifest get-intrinsic@^1.2.6
720 silly packumentCache full:https://registry.npmjs.org/get-intrinsic cache-miss
721 http fetch GET 200 https://registry.npmjs.org/get-intrinsic 57ms (cache revalidated)
722 silly packumentCache full:https://registry.npmjs.org/get-intrinsic set size:60985 disposed:false
723 silly fetch manifest has-tostringtag@^1.0.2
724 silly packumentCache full:https://registry.npmjs.org/has-tostringtag cache-miss
725 http fetch GET 200 https://registry.npmjs.org/has-tostringtag 30ms (cache miss)
726 silly packumentCache full:https://registry.npmjs.org/has-tostringtag set size:undefined disposed:false
727 silly fetch manifest function-bind@^1.1.2
728 silly packumentCache full:https://registry.npmjs.org/function-bind cache-miss
729 http fetch GET 200 https://registry.npmjs.org/function-bind 42ms (cache revalidated)
730 silly packumentCache full:https://registry.npmjs.org/function-bind set size:15733 disposed:false
731 silly fetch manifest mime-db@1.52.0
732 silly packumentCache full:https://registry.npmjs.org/mime-db cache-miss
733 http fetch GET 200 https://registry.npmjs.org/mime-db 48ms (cache revalidated)
734 silly packumentCache full:https://registry.npmjs.org/mime-db set size:164953 disposed:false
735 silly placeDep ROOT delayed-stream@1.0.0 OK for: combined-stream@1.0.8 want: ~1.0.0
736 silly placeDep ROOT es-errors@1.3.0 OK for: es-set-tostringtag@2.1.0 want: ^1.3.0
737 silly placeDep ROOT get-intrinsic@1.3.0 OK for: es-set-tostringtag@2.1.0 want: ^1.2.6
738 silly placeDep ROOT has-tostringtag@1.0.2 OK for: es-set-tostringtag@2.1.0 want: ^1.0.2
739 silly fetch manifest gopd@^1.2.0
740 silly packumentCache full:https://registry.npmjs.org/gopd cache-miss
741 http fetch GET 200 https://registry.npmjs.org/gopd 41ms (cache revalidated)
742 silly packumentCache full:https://registry.npmjs.org/gopd set size:11458 disposed:false
743 silly fetch manifest get-proto@^1.0.1
744 silly packumentCache full:https://registry.npmjs.org/get-proto cache-miss
745 http fetch GET 200 https://registry.npmjs.org/get-proto 35ms (cache revalidated)
746 silly packumentCache full:https://registry.npmjs.org/get-proto set size:8300 disposed:false
747 silly fetch manifest has-symbols@^1.1.0
748 silly packumentCache full:https://registry.npmjs.org/has-symbols cache-miss
749 http fetch GET 200 https://registry.npmjs.org/has-symbols 33ms (cache revalidated)
750 silly packumentCache full:https://registry.npmjs.org/has-symbols set size:21550 disposed:false
751 silly fetch manifest es-object-atoms@^1.1.1
752 silly packumentCache full:https://registry.npmjs.org/es-object-atoms cache-miss
753 http fetch GET 200 https://registry.npmjs.org/es-object-atoms 56ms (cache revalidated)
754 silly packumentCache full:https://registry.npmjs.org/es-object-atoms set size:15304 disposed:false
755 silly fetch manifest math-intrinsics@^1.1.0
756 silly packumentCache full:https://registry.npmjs.org/math-intrinsics cache-miss
757 http fetch GET 200 https://registry.npmjs.org/math-intrinsics 42ms (cache revalidated)
758 silly packumentCache full:https://registry.npmjs.org/math-intrinsics set size:9265 disposed:false
759 silly fetch manifest es-define-property@^1.0.1
760 silly packumentCache full:https://registry.npmjs.org/es-define-property cache-miss
761 http fetch GET 200 https://registry.npmjs.org/es-define-property 48ms (cache revalidated)
762 silly packumentCache full:https://registry.npmjs.org/es-define-property set size:8542 disposed:false
763 silly fetch manifest call-bind-apply-helpers@^1.0.2
764 silly packumentCache full:https://registry.npmjs.org/call-bind-apply-helpers cache-miss
765 http fetch GET 200 https://registry.npmjs.org/call-bind-apply-helpers 41ms (cache revalidated)
766 silly packumentCache full:https://registry.npmjs.org/call-bind-apply-helpers set size:12744 disposed:false
767 silly fetch manifest has-symbols@^1.0.3
768 silly packumentCache full:https://registry.npmjs.org/has-symbols cache-hit
769 silly placeDep ROOT call-bind-apply-helpers@1.0.2 OK for: get-intrinsic@1.3.0 want: ^1.0.2
770 silly placeDep ROOT es-define-property@1.0.1 OK for: get-intrinsic@1.3.0 want: ^1.0.1
771 silly placeDep ROOT es-object-atoms@1.1.1 OK for: get-intrinsic@1.3.0 want: ^1.1.1
772 silly placeDep ROOT function-bind@1.1.2 OK for: get-intrinsic@1.3.0 want: ^1.1.2
773 silly placeDep ROOT get-proto@1.0.1 OK for: get-intrinsic@1.3.0 want: ^1.0.1
774 silly placeDep ROOT gopd@1.2.0 OK for: get-intrinsic@1.3.0 want: ^1.2.0
775 silly placeDep ROOT has-symbols@1.1.0 OK for: get-intrinsic@1.3.0 want: ^1.1.0
776 silly placeDep ROOT math-intrinsics@1.1.0 OK for: get-intrinsic@1.3.0 want: ^1.1.0
777 silly fetch manifest dunder-proto@^1.0.1
778 silly packumentCache full:https://registry.npmjs.org/dunder-proto cache-miss
779 http fetch GET 200 https://registry.npmjs.org/dunder-proto 41ms (cache revalidated)
780 silly packumentCache full:https://registry.npmjs.org/dunder-proto set size:8256 disposed:false
781 silly placeDep ROOT dunder-proto@1.0.1 OK for: get-proto@1.0.1 want: ^1.0.1
782 silly fetch manifest @types/node@>=18
783 silly packumentCache full:https://registry.npmjs.org/@types%2fnode cache-miss
784 http fetch GET 200 https://registry.npmjs.org/@types%2fnode 30ms (cache hit)
785 silly packumentCache full:https://registry.npmjs.org/@types%2fnode set size:10636554 disposed:false
786 silly placeDep ROOT @inquirer/external-editor@1.0.2 OK for: inquirer@9.3.8 want: ^1.0.2
787 silly placeDep ROOT @inquirer/figures@1.0.14 OK for: inquirer@9.3.8 want: ^1.0.3
788 silly placeDep ROOT ansi-escapes@4.3.2 OK for: inquirer@9.3.8 want: ^4.3.2
789 silly placeDep ROOT cli-width@4.1.0 OK for: inquirer@9.3.8 want: ^4.1.0
790 silly placeDep ROOT mute-stream@1.0.0 OK for: inquirer@9.3.8 want: 1.0.0
791 silly placeDep ROOT ora@5.4.1 OK for: inquirer@9.3.8 want: ^5.4.1
792 silly placeDep ROOT run-async@3.0.0 OK for: inquirer@9.3.8 want: ^3.0.0
793 silly placeDep ROOT rxjs@7.8.2 OK for: inquirer@9.3.8 want: ^7.8.1
794 silly placeDep ROOT string-width@4.2.3 OK for: inquirer@9.3.8 want: ^4.2.3
795 silly placeDep ROOT strip-ansi@6.0.1 OK for: inquirer@9.3.8 want: ^6.0.1
796 silly placeDep ROOT wrap-ansi@6.2.0 OK for: inquirer@9.3.8 want: ^6.2.0
797 silly placeDep ROOT yoctocolors-cjs@2.1.3 OK for: inquirer@9.3.8 want: ^2.1.2
798 silly fetch manifest chardet@^2.1.0
799 silly packumentCache full:https://registry.npmjs.org/chardet cache-miss
800 http fetch GET 200 https://registry.npmjs.org/chardet 55ms (cache miss)
801 silly packumentCache full:https://registry.npmjs.org/chardet set size:undefined disposed:false
802 silly fetch manifest iconv-lite@^0.7.0
803 silly packumentCache full:https://registry.npmjs.org/iconv-lite cache-miss
804 http fetch GET 200 https://registry.npmjs.org/iconv-lite 39ms (cache revalidated)
805 silly packumentCache full:https://registry.npmjs.org/iconv-lite set size:118890 disposed:false
806 silly fetch manifest type-fest@^0.21.3
807 silly packumentCache full:https://registry.npmjs.org/type-fest cache-hit
808 silly fetch manifest bl@^4.1.0
809 silly packumentCache full:https://registry.npmjs.org/bl cache-miss
810 http fetch GET 200 https://registry.npmjs.org/bl 29ms (cache miss)
811 silly packumentCache full:https://registry.npmjs.org/bl set size:undefined disposed:false
812 silly fetch manifest chalk@^4.1.0
813 silly packumentCache full:https://registry.npmjs.org/chalk cache-hit
814 silly fetch manifest wcwidth@^1.0.1
815 silly packumentCache full:https://registry.npmjs.org/wcwidth cache-miss
816 http fetch GET 200 https://registry.npmjs.org/wcwidth 30ms (cache miss)
817 silly packumentCache full:https://registry.npmjs.org/wcwidth set size:undefined disposed:false
818 silly fetch manifest cli-cursor@^3.1.0
819 silly packumentCache full:https://registry.npmjs.org/cli-cursor cache-hit
820 silly fetch manifest strip-ansi@^6.0.0
821 silly packumentCache full:https://registry.npmjs.org/strip-ansi cache-miss
822 http fetch GET 200 https://registry.npmjs.org/strip-ansi 5ms (cache hit)
823 silly packumentCache full:https://registry.npmjs.org/strip-ansi set size:41855 disposed:false
824 silly fetch manifest log-symbols@^4.1.0
825 silly packumentCache full:https://registry.npmjs.org/log-symbols cache-miss
826 http fetch GET 200 https://registry.npmjs.org/log-symbols 32ms (cache miss)
827 silly packumentCache full:https://registry.npmjs.org/log-symbols set size:undefined disposed:false
828 silly fetch manifest cli-spinners@^2.5.0
829 silly packumentCache full:https://registry.npmjs.org/cli-spinners cache-miss
830 http fetch GET 200 https://registry.npmjs.org/cli-spinners 33ms (cache miss)
831 silly packumentCache full:https://registry.npmjs.org/cli-spinners set size:undefined disposed:false
832 silly fetch manifest is-interactive@^1.0.0
833 silly packumentCache full:https://registry.npmjs.org/is-interactive cache-miss
834 http fetch GET 200 https://registry.npmjs.org/is-interactive 33ms (cache miss)
835 silly packumentCache full:https://registry.npmjs.org/is-interactive set size:undefined disposed:false
836 silly fetch manifest is-unicode-supported@^0.1.0
837 silly packumentCache full:https://registry.npmjs.org/is-unicode-supported cache-miss
838 http fetch GET 200 https://registry.npmjs.org/is-unicode-supported 39ms (cache miss)
839 silly packumentCache full:https://registry.npmjs.org/is-unicode-supported set size:undefined disposed:false
840 silly fetch manifest tslib@^2.1.0
841 silly packumentCache full:https://registry.npmjs.org/tslib cache-miss
842 http fetch GET 200 https://registry.npmjs.org/tslib 3ms (cache hit)
843 silly packumentCache full:https://registry.npmjs.org/tslib set size:108706 disposed:false
844 silly fetch manifest emoji-regex@^8.0.0
845 silly packumentCache full:https://registry.npmjs.org/emoji-regex cache-miss
846 http fetch GET 200 https://registry.npmjs.org/emoji-regex 34ms (cache miss)
847 silly packumentCache full:https://registry.npmjs.org/emoji-regex set size:undefined disposed:false
848 silly fetch manifest is-fullwidth-code-point@^3.0.0
849 silly packumentCache full:https://registry.npmjs.org/is-fullwidth-code-point cache-miss
850 http fetch GET 200 https://registry.npmjs.org/is-fullwidth-code-point 31ms (cache miss)
851 silly packumentCache full:https://registry.npmjs.org/is-fullwidth-code-point set size:undefined disposed:false
852 silly fetch manifest ansi-regex@^5.0.1
853 silly packumentCache full:https://registry.npmjs.org/ansi-regex cache-miss
854 http fetch GET 200 https://registry.npmjs.org/ansi-regex 58ms (cache miss)
855 silly packumentCache full:https://registry.npmjs.org/ansi-regex set size:undefined disposed:false
856 silly fetch manifest ansi-styles@^4.0.0
857 silly packumentCache full:https://registry.npmjs.org/ansi-styles cache-miss
858 http fetch GET 200 https://registry.npmjs.org/ansi-styles 32ms (cache miss)
859 silly packumentCache full:https://registry.npmjs.org/ansi-styles set size:undefined disposed:false
860 silly placeDep ROOT chardet@2.1.0 OK for: @inquirer/external-editor@1.0.2 want: ^2.1.0
861 silly placeDep ROOT iconv-lite@0.7.0 OK for: @inquirer/external-editor@1.0.2 want: ^0.7.0
862 silly fetch manifest safer-buffer@>= 2.1.2 < 3.0.0
863 silly packumentCache full:https://registry.npmjs.org/safer-buffer cache-miss
864 http fetch GET 200 https://registry.npmjs.org/safer-buffer 38ms (cache revalidated)
865 silly packumentCache full:https://registry.npmjs.org/safer-buffer set size:18521 disposed:false
866 silly placeDep node_modules/ansi-escapes type-fest@0.21.3 OK for: ansi-escapes@4.3.2 want: ^0.21.3
867 silly placeDep ROOT safer-buffer@2.1.2 OK for: iconv-lite@0.7.0 want: >= 2.1.2 < 3.0.0
868 silly placeDep node_modules/inquirer-directory chalk@1.1.3 OK for: inquirer-directory@2.2.0 want: ^1.1.1
869 silly placeDep ROOT cli-cursor@1.0.2 OK for: inquirer-directory@2.2.0 want: ^1.0.2
870 silly placeDep ROOT figures@1.7.0 OK for: inquirer-directory@2.2.0 want: ^1.4.0
871 silly placeDep node_modules/inquirer-directory inquirer@1.2.3 OK for: inquirer-directory@2.2.0 want: ^1.1.3
872 silly placeDep ROOT lodash@4.17.21 OK for: inquirer-directory@2.2.0 want: ^4.17.11
873 silly placeDep ROOT rx-lite@4.0.8 OK for: inquirer-directory@2.2.0 want: ^4.0.8
874 silly placeDep ROOT util@0.10.4 OK for: inquirer-directory@2.2.0 want: ^0.10.3
875 silly fetch manifest has-ansi@^2.0.0
876 silly packumentCache full:https://registry.npmjs.org/has-ansi cache-miss
877 http fetch GET 200 https://registry.npmjs.org/has-ansi 31ms (cache miss)
878 silly packumentCache full:https://registry.npmjs.org/has-ansi set size:undefined disposed:false
879 silly fetch manifest strip-ansi@^3.0.0
880 silly packumentCache full:https://registry.npmjs.org/strip-ansi cache-hit
881 silly fetch manifest ansi-styles@^2.2.1
882 silly packumentCache full:https://registry.npmjs.org/ansi-styles cache-miss
883 http fetch GET 200 https://registry.npmjs.org/ansi-styles 3ms (cache hit)
884 silly packumentCache full:https://registry.npmjs.org/ansi-styles set size:63233 disposed:false
885 silly fetch manifest supports-color@^2.0.0
886 silly packumentCache full:https://registry.npmjs.org/supports-color cache-miss
887 http fetch GET 200 https://registry.npmjs.org/supports-color 29ms (cache miss)
888 silly packumentCache full:https://registry.npmjs.org/supports-color set size:undefined disposed:false
889 silly fetch manifest escape-string-regexp@^1.0.2
890 silly packumentCache full:https://registry.npmjs.org/escape-string-regexp cache-miss
891 http fetch GET 200 https://registry.npmjs.org/escape-string-regexp 38ms (cache miss)
892 silly packumentCache full:https://registry.npmjs.org/escape-string-regexp set size:undefined disposed:false
893 silly fetch manifest restore-cursor@^1.0.1
894 silly packumentCache full:https://registry.npmjs.org/restore-cursor cache-miss
895 http fetch GET 200 https://registry.npmjs.org/restore-cursor 45ms (cache miss)
896 silly packumentCache full:https://registry.npmjs.org/restore-cursor set size:undefined disposed:false
897 silly fetch manifest escape-string-regexp@^1.0.5
898 silly packumentCache full:https://registry.npmjs.org/escape-string-regexp cache-miss
899 http fetch GET 200 https://registry.npmjs.org/escape-string-regexp 5ms (cache hit)
900 silly packumentCache full:https://registry.npmjs.org/escape-string-regexp set size:22244 disposed:false
901 silly fetch manifest object-assign@^4.1.0
902 silly packumentCache full:https://registry.npmjs.org/object-assign cache-miss
903 http fetch GET 200 https://registry.npmjs.org/object-assign 39ms (cache miss)
904 silly packumentCache full:https://registry.npmjs.org/object-assign set size:undefined disposed:false
905 silly fetch manifest rx@^4.1.0
906 silly packumentCache full:https://registry.npmjs.org/rx cache-miss
907 http fetch GET 200 https://registry.npmjs.org/rx 57ms (cache miss)
908 silly packumentCache full:https://registry.npmjs.org/rx set size:undefined disposed:false
909 silly fetch manifest lodash@^4.3.0
910 silly packumentCache full:https://registry.npmjs.org/lodash cache-miss
911 http fetch GET 200 https://registry.npmjs.org/lodash 14ms (cache hit)
912 silly packumentCache full:https://registry.npmjs.org/lodash set size:242454 disposed:false
913 silly fetch manifest through@^2.3.6
914 silly packumentCache full:https://registry.npmjs.org/through cache-miss
915 http fetch GET 200 https://registry.npmjs.org/through 52ms (cache miss)
916 silly packumentCache full:https://registry.npmjs.org/through set size:undefined disposed:false
917 silly fetch manifest cli-width@^2.0.0
918 silly packumentCache full:https://registry.npmjs.org/cli-width cache-miss
919 http fetch GET 200 https://registry.npmjs.org/cli-width 9ms (cache hit)
920 silly packumentCache full:https://registry.npmjs.org/cli-width set size:24976 disposed:false
921 silly fetch manifest run-async@^2.2.0
922 silly packumentCache full:https://registry.npmjs.org/run-async cache-miss
923 http fetch GET 200 https://registry.npmjs.org/run-async 3ms (cache hit)
924 silly packumentCache full:https://registry.npmjs.org/run-async set size:30788 disposed:false
925 silly fetch manifest mute-stream@0.0.6
926 silly packumentCache full:https://registry.npmjs.org/mute-stream cache-miss
927 http fetch GET 200 https://registry.npmjs.org/mute-stream 4ms (cache hit)
928 silly packumentCache full:https://registry.npmjs.org/mute-stream set size:19371 disposed:false
929 silly fetch manifest ansi-escapes@^1.1.0
930 silly packumentCache full:https://registry.npmjs.org/ansi-escapes cache-miss
931 http fetch GET 200 https://registry.npmjs.org/ansi-escapes 9ms (cache hit)
932 silly packumentCache full:https://registry.npmjs.org/ansi-escapes set size:66355 disposed:false
933 silly fetch manifest string-width@^1.0.1
934 silly packumentCache full:https://registry.npmjs.org/string-width cache-miss
935 http fetch GET 200 https://registry.npmjs.org/string-width 4ms (cache hit)
936 silly packumentCache full:https://registry.npmjs.org/string-width set size:64158 disposed:false
937 silly fetch manifest pinkie-promise@^2.0.0
938 silly packumentCache full:https://registry.npmjs.org/pinkie-promise cache-miss
939 http fetch GET 200 https://registry.npmjs.org/pinkie-promise 32ms (cache miss)
940 silly packumentCache full:https://registry.npmjs.org/pinkie-promise set size:undefined disposed:false
941 silly fetch manifest external-editor@^1.1.0
942 silly packumentCache full:https://registry.npmjs.org/external-editor cache-miss
943 http fetch GET 200 https://registry.npmjs.org/external-editor 31ms (cache miss)
944 silly packumentCache full:https://registry.npmjs.org/external-editor set size:undefined disposed:false
945 silly fetch manifest inherits@2.0.3
946 silly packumentCache full:https://registry.npmjs.org/inherits cache-miss
947 http fetch GET 200 https://registry.npmjs.org/inherits 43ms (cache revalidated)
948 silly packumentCache full:https://registry.npmjs.org/inherits set size:12925 disposed:false
949 silly placeDep ROOT restore-cursor@1.0.1 OK for: cli-cursor@1.0.2 want: ^1.0.1
950 silly fetch manifest onetime@^1.0.0
951 silly packumentCache full:https://registry.npmjs.org/onetime cache-miss
952 http fetch GET 200 https://registry.npmjs.org/onetime 32ms (cache miss)
953 silly packumentCache full:https://registry.npmjs.org/onetime set size:undefined disposed:false
954 silly fetch manifest exit-hook@^1.0.0
955 silly packumentCache full:https://registry.npmjs.org/exit-hook cache-miss
956 http fetch GET 200 https://registry.npmjs.org/exit-hook 36ms (cache miss)
957 silly packumentCache full:https://registry.npmjs.org/exit-hook set size:undefined disposed:false
958 silly placeDep ROOT escape-string-regexp@1.0.5 OK for: figures@1.7.0 want: ^1.0.5
959 silly placeDep ROOT object-assign@4.1.1 OK for: figures@1.7.0 want: ^4.1.0
960 silly placeDep node_modules/inquirer-file-tree-selection-prompt cli-cursor@4.0.0 OK for: inquirer-file-tree-selection-prompt@2.0.5 want: ^4.0.0
961 silly placeDep node_modules/inquirer-file-tree-selection-prompt figures@4.0.1 OK for: inquirer-file-tree-selection-prompt@2.0.5 want: ^4.0.1
962 silly fetch manifest restore-cursor@^4.0.0
963 silly packumentCache full:https://registry.npmjs.org/restore-cursor cache-miss
964 http fetch GET 200 https://registry.npmjs.org/restore-cursor 3ms (cache hit)
965 silly packumentCache full:https://registry.npmjs.org/restore-cursor set size:17895 disposed:false
966 silly fetch manifest escape-string-regexp@^5.0.0
967 silly packumentCache full:https://registry.npmjs.org/escape-string-regexp cache-hit
968 silly fetch manifest is-unicode-supported@^1.2.0
969 silly packumentCache full:https://registry.npmjs.org/is-unicode-supported cache-miss
970 http fetch GET 200 https://registry.npmjs.org/is-unicode-supported 8ms (cache hit)
971 silly packumentCache full:https://registry.npmjs.org/is-unicode-supported set size:19461 disposed:false
972 silly placeDep ROOT bignumber.js@9.3.1 OK for: json-bigint@1.0.0 want: ^9.0.0
973 silly placeDep ROOT lodash.kebabcase@4.1.1 OK for: kebabcase-keys@1.0.0 want: ^4.1.1
974 silly placeDep node_modules/kebabcase-keys map-obj@3.1.0 OK for: kebabcase-keys@1.0.0 want: ^3.0.0
975 silly placeDep node_modules/kebabcase-keys quick-lru@1.1.0 OK for: kebabcase-keys@1.0.0 want: ^1.0.0
976 silly placeDep ROOT mime-db@1.52.0 OK for: mime-types@2.1.35 want: 1.52.0
977 silly placeDep ROOT bl@4.1.0 OK for: ora@5.4.1 want: ^4.1.0
978 silly placeDep node_modules/ora chalk@4.1.2 OK for: ora@5.4.1 want: ^4.1.0
979 silly placeDep node_modules/ora cli-cursor@3.1.0 OK for: ora@5.4.1 want: ^3.1.0
980 silly placeDep ROOT cli-spinners@2.9.2 OK for: ora@5.4.1 want: ^2.5.0
981 silly placeDep ROOT is-interactive@1.0.0 OK for: ora@5.4.1 want: ^1.0.0
982 silly placeDep ROOT is-unicode-supported@0.1.0 OK for: ora@5.4.1 want: ^0.1.0
983 silly placeDep ROOT log-symbols@4.1.0 OK for: ora@5.4.1 want: ^4.1.0
984 silly placeDep ROOT wcwidth@1.0.1 OK for: ora@5.4.1 want: ^1.0.1
985 silly fetch manifest buffer@^5.5.0
986 silly packumentCache full:https://registry.npmjs.org/buffer cache-miss
987 http fetch GET 200 https://registry.npmjs.org/buffer 5ms (cache hit)
988 silly packumentCache full:https://registry.npmjs.org/buffer set size:280480 disposed:false
989 silly fetch manifest inherits@^2.0.4
990 silly packumentCache full:https://registry.npmjs.org/inherits cache-hit
991 silly fetch manifest readable-stream@^3.4.0
992 silly packumentCache full:https://registry.npmjs.org/readable-stream cache-miss
993 http fetch GET 200 https://registry.npmjs.org/readable-stream 48ms (cache miss)
994 silly packumentCache full:https://registry.npmjs.org/readable-stream set size:undefined disposed:false
995 silly fetch manifest ansi-styles@^4.1.0
996 silly packumentCache full:https://registry.npmjs.org/ansi-styles cache-hit
997 silly fetch manifest supports-color@^7.1.0
998 silly packumentCache full:https://registry.npmjs.org/supports-color cache-miss
999 http fetch GET 200 https://registry.npmjs.org/supports-color 8ms (cache hit)
1000 silly packumentCache full:https://registry.npmjs.org/supports-color set size:118680 disposed:false
1001 silly fetch manifest restore-cursor@^3.1.0
1002 silly packumentCache full:https://registry.npmjs.org/restore-cursor cache-hit
1003 silly fetch manifest defaults@^1.0.3
1004 silly packumentCache full:https://registry.npmjs.org/defaults cache-miss
1005 http fetch GET 200 https://registry.npmjs.org/defaults 28ms (cache miss)
1006 silly packumentCache full:https://registry.npmjs.org/defaults set size:undefined disposed:false
1007 silly placeDep node_modules/bl buffer@5.7.1 OK for: bl@4.1.0 want: ^5.5.0
1008 silly placeDep ROOT inherits@2.0.4 OK for: bl@4.1.0 want: ^2.0.4
1009 silly placeDep ROOT readable-stream@3.6.2 OK for: bl@4.1.0 want: ^3.4.0
1010 silly fetch manifest string_decoder@^1.1.1
1011 silly packumentCache full:https://registry.npmjs.org/string_decoder cache-miss
1012 http fetch GET 200 https://registry.npmjs.org/string_decoder 31ms (cache miss)
1013 silly packumentCache full:https://registry.npmjs.org/string_decoder set size:undefined disposed:false
1014 silly fetch manifest util-deprecate@^1.0.1
1015 silly packumentCache full:https://registry.npmjs.org/util-deprecate cache-miss
1016 http fetch GET 200 https://registry.npmjs.org/util-deprecate 28ms (cache miss)
1017 silly packumentCache full:https://registry.npmjs.org/util-deprecate set size:undefined disposed:false
1018 silly placeDep node_modules/log-symbols chalk@4.1.2 OK for: log-symbols@4.1.0 want: ^4.1.0
1019 silly placeDep ROOT decode-uri-component@0.2.2 OK for: query-string@6.13.5 want: ^0.2.0
1020 silly placeDep ROOT split-on-first@1.1.0 OK for: query-string@6.13.5 want: ^1.0.0
1021 silly placeDep ROOT strict-uri-encode@2.0.0 OK for: query-string@6.13.5 want: ^2.0.0
1022 silly placeDep ROOT string_decoder@1.3.0 OK for: readable-stream@3.6.2 want: ^1.1.1
1023 silly placeDep ROOT util-deprecate@1.0.2 OK for: readable-stream@3.6.2 want: ^1.0.1
1024 silly fetch manifest safe-buffer@~5.2.0
1025 silly packumentCache full:https://registry.npmjs.org/safe-buffer cache-miss
1026 http fetch GET 200 https://registry.npmjs.org/safe-buffer 62ms (cache revalidated)
1027 silly packumentCache full:https://registry.npmjs.org/safe-buffer set size:41183 disposed:false
1028 silly placeDep ROOT exit-hook@1.1.1 OK for: restore-cursor@1.0.1 want: ^1.0.0
1029 silly placeDep ROOT onetime@1.1.0 OK for: restore-cursor@1.0.1 want: ^1.0.0
1030 silly placeDep node_modules/rxjs tslib@2.8.1 OK for: rxjs@7.8.2 want: ^2.1.0
1031 silly placeDep ROOT safe-buffer@5.2.1 OK for: string_decoder@1.3.0 want: ~5.2.0
1032 silly placeDep ROOT emoji-regex@8.0.0 OK for: string-width@4.2.3 want: ^8.0.0
1033 silly placeDep ROOT is-fullwidth-code-point@3.0.0 OK for: string-width@4.2.3 want: ^3.0.0
1034 silly placeDep ROOT ansi-regex@5.0.1 OK for: strip-ansi@6.0.1 want: ^5.0.1
1035 silly fetch manifest postcss-load-config@^2.1.0 || ^3.0.0 || ^4.0.0
1036 silly packumentCache full:https://registry.npmjs.org/postcss-load-config cache-miss
1037 http fetch GET 200 https://registry.npmjs.org/postcss-load-config 10ms (cache hit)
1038 silly packumentCache full:https://registry.npmjs.org/postcss-load-config set size:86425 disposed:false
1039 silly fetch manifest ts-node@>=9.0.0
1040 silly packumentCache full:https://registry.npmjs.org/ts-node cache-miss
1041 http fetch GET 200 https://registry.npmjs.org/ts-node 41ms (cache miss)
1042 silly packumentCache full:https://registry.npmjs.org/ts-node set size:undefined disposed:false
1043 silly fetch manifest @swc/core@>=1.2.50
1044 silly packumentCache full:https://registry.npmjs.org/@swc%2fcore cache-miss
1045 http fetch GET 200 https://registry.npmjs.org/@swc%2fcore 140ms (cache miss)
1046 silly packumentCache full:https://registry.npmjs.org/@swc%2fcore set size:undefined disposed:false
1047 silly fetch manifest @swc/helpers@>=0.5.17
1048 silly packumentCache full:https://registry.npmjs.org/@swc%2fhelpers cache-miss
1049 http fetch GET 200 https://registry.npmjs.org/@swc%2fhelpers 57ms (cache miss)
1050 silly packumentCache full:https://registry.npmjs.org/@swc%2fhelpers set size:undefined disposed:false
1051 silly fetch manifest @swc/wasm@>=1.2.50
1052 silly packumentCache full:https://registry.npmjs.org/@swc%2fwasm cache-miss
1053 http fetch GET 200 https://registry.npmjs.org/@swc%2fwasm 106ms (cache miss)
1054 silly packumentCache full:https://registry.npmjs.org/@swc%2fwasm set size:undefined disposed:false
1055 silly fetch manifest @types/node@*
1056 silly packumentCache full:https://registry.npmjs.org/@types%2fnode cache-miss
1057 http fetch GET 200 https://registry.npmjs.org/@types%2fnode 25ms (cache hit)
1058 silly packumentCache full:https://registry.npmjs.org/@types%2fnode set size:10636554 disposed:false
1059 silly fetch manifest sugarss@^2.0.0
1060 silly packumentCache full:https://registry.npmjs.org/sugarss cache-miss
1061 http fetch GET 200 https://registry.npmjs.org/sugarss 7ms (cache hit)
1062 silly packumentCache full:https://registry.npmjs.org/sugarss set size:44975 disposed:false
1063 silly fetch manifest svelte@^3.24.0
1064 silly packumentCache full:https://registry.npmjs.org/svelte cache-miss
1065 http fetch GET 200 https://registry.npmjs.org/svelte 15ms (cache hit)
1066 silly packumentCache full:https://registry.npmjs.org/svelte set size:4198718 disposed:false
1067 silly fetch manifest typescript@^3.9.5 || ^4.0.0
1068 silly packumentCache full:https://registry.npmjs.org/typescript cache-miss
1069 http fetch GET 200 https://registry.npmjs.org/typescript 40ms (cache hit)
1070 silly packumentCache full:https://registry.npmjs.org/typescript set size:14780663 disposed:false
1071 silly placeDep ROOT @jridgewell/trace-mapping@0.3.31 OK for: svelte-check@2.10.3 want: ^0.3.9
1072 silly placeDep ROOT chokidar@3.6.0 OK for: svelte-check@2.10.3 want: ^3.4.1
1073 silly placeDep ROOT fast-glob@3.3.3 OK for: svelte-check@2.10.3 want: ^3.2.7
1074 silly placeDep ROOT import-fresh@3.3.1 OK for: svelte-check@2.10.3 want: ^3.2.1
1075 silly placeDep ROOT picocolors@1.1.1 OK for: svelte-check@2.10.3 want: ^1.0.0
1076 silly placeDep ROOT sade@1.8.1 OK for: svelte-check@2.10.3 want: ^1.7.4
1077 silly placeDep node_modules/svelte-check svelte-preprocess@4.10.7 OK for: svelte-check@2.10.3 want: ^4.0.0
1078 silly placeDep ROOT typescript@5.9.3 OK for: svelte-check@2.10.3 want: *
1079 silly fetch manifest @jridgewell/resolve-uri@^3.1.0
1080 silly packumentCache full:https://registry.npmjs.org/@jridgewell%2fresolve-uri cache-miss
1081 http fetch GET 200 https://registry.npmjs.org/@jridgewell%2fresolve-uri 80ms (cache miss)
1082 silly packumentCache full:https://registry.npmjs.org/@jridgewell%2fresolve-uri set size:undefined disposed:false
1083 silly fetch manifest @jridgewell/sourcemap-codec@^1.4.14
1084 silly packumentCache full:https://registry.npmjs.org/@jridgewell%2fsourcemap-codec cache-miss
1085 http fetch GET 200 https://registry.npmjs.org/@jridgewell%2fsourcemap-codec 54ms (cache miss)
1086 silly packumentCache full:https://registry.npmjs.org/@jridgewell%2fsourcemap-codec set size:undefined disposed:false
1087 silly fetch manifest braces@~3.0.2
1088 silly packumentCache full:https://registry.npmjs.org/braces cache-miss
1089 http fetch GET 200 https://registry.npmjs.org/braces 32ms (cache revalidated)
1090 silly packumentCache full:https://registry.npmjs.org/braces set size:114529 disposed:false
1091 silly fetch manifest is-glob@~4.0.1
1092 silly packumentCache full:https://registry.npmjs.org/is-glob cache-miss
1093 http fetch GET 200 https://registry.npmjs.org/is-glob 41ms (cache revalidated)
1094 silly packumentCache full:https://registry.npmjs.org/is-glob set size:40530 disposed:false
1095 silly fetch manifest anymatch@~3.1.2
1096 silly packumentCache full:https://registry.npmjs.org/anymatch cache-miss
1097 http fetch GET 200 https://registry.npmjs.org/anymatch 36ms (cache miss)
1098 silly packumentCache full:https://registry.npmjs.org/anymatch set size:undefined disposed:false
1099 silly fetch manifest readdirp@~3.6.0
1100 silly packumentCache full:https://registry.npmjs.org/readdirp cache-miss
1101 http fetch GET 200 https://registry.npmjs.org/readdirp 52ms (cache miss)
1102 silly packumentCache full:https://registry.npmjs.org/readdirp set size:undefined disposed:false
1103 silly fetch manifest glob-parent@~5.1.2
1104 silly packumentCache full:https://registry.npmjs.org/glob-parent cache-miss
1105 http fetch GET 200 https://registry.npmjs.org/glob-parent 45ms (cache miss)
1106 silly packumentCache full:https://registry.npmjs.org/glob-parent set size:undefined disposed:false
1107 silly fetch manifest is-binary-path@~2.1.0
1108 silly packumentCache full:https://registry.npmjs.org/is-binary-path cache-miss
1109 http fetch GET 200 https://registry.npmjs.org/is-binary-path 32ms (cache miss)
1110 silly packumentCache full:https://registry.npmjs.org/is-binary-path set size:undefined disposed:false
1111 silly fetch manifest normalize-path@~3.0.0
1112 silly packumentCache full:https://registry.npmjs.org/normalize-path cache-miss
1113 http fetch GET 200 https://registry.npmjs.org/normalize-path 28ms (cache miss)
1114 silly packumentCache full:https://registry.npmjs.org/normalize-path set size:undefined disposed:false
1115 silly fetch manifest fsevents@~2.3.2
1116 silly packumentCache full:https://registry.npmjs.org/fsevents cache-miss
1117 http fetch GET 200 https://registry.npmjs.org/fsevents 35ms (cache miss)
1118 silly packumentCache full:https://registry.npmjs.org/fsevents set size:undefined disposed:false
1119 silly fetch manifest @nodelib/fs.stat@^2.0.2
1120 silly packumentCache full:https://registry.npmjs.org/@nodelib%2ffs.stat cache-miss
1121 http fetch GET 200 https://registry.npmjs.org/@nodelib%2ffs.stat 88ms (cache miss)
1122 silly packumentCache full:https://registry.npmjs.org/@nodelib%2ffs.stat set size:undefined disposed:false
1123 silly fetch manifest @nodelib/fs.walk@^1.2.3
1124 silly packumentCache full:https://registry.npmjs.org/@nodelib%2ffs.walk cache-miss
1125 http fetch GET 200 https://registry.npmjs.org/@nodelib%2ffs.walk 43ms (cache miss)
1126 silly packumentCache full:https://registry.npmjs.org/@nodelib%2ffs.walk set size:undefined disposed:false
1127 silly fetch manifest glob-parent@^5.1.2
1128 silly packumentCache full:https://registry.npmjs.org/glob-parent cache-miss
1129 http fetch GET 200 https://registry.npmjs.org/glob-parent 4ms (cache hit)
1130 silly packumentCache full:https://registry.npmjs.org/glob-parent set size:42445 disposed:false
1131 silly fetch manifest merge2@^1.3.0
1132 silly packumentCache full:https://registry.npmjs.org/merge2 cache-miss
1133 http fetch GET 200 https://registry.npmjs.org/merge2 39ms (cache miss)
1134 silly packumentCache full:https://registry.npmjs.org/merge2 set size:undefined disposed:false
1135 silly fetch manifest micromatch@^4.0.8
1136 silly packumentCache full:https://registry.npmjs.org/micromatch cache-miss
1137 http fetch GET 200 https://registry.npmjs.org/micromatch 38ms (cache revalidated)
1138 silly packumentCache full:https://registry.npmjs.org/micromatch set size:240630 disposed:false
1139 silly fetch manifest parent-module@^1.0.0
1140 silly packumentCache full:https://registry.npmjs.org/parent-module cache-miss
1141 http fetch GET 200 https://registry.npmjs.org/parent-module 34ms (cache miss)
1142 silly packumentCache full:https://registry.npmjs.org/parent-module set size:undefined disposed:false
1143 silly fetch manifest resolve-from@^4.0.0
1144 silly packumentCache full:https://registry.npmjs.org/resolve-from cache-miss
1145 http fetch GET 200 https://registry.npmjs.org/resolve-from 29ms (cache miss)
1146 silly packumentCache full:https://registry.npmjs.org/resolve-from set size:undefined disposed:false
1147 silly fetch manifest mri@^1.1.0
1148 silly packumentCache full:https://registry.npmjs.org/mri cache-miss
1149 http fetch GET 200 https://registry.npmjs.org/mri 41ms (cache miss)
1150 silly packumentCache full:https://registry.npmjs.org/mri set size:undefined disposed:false
1151 silly fetch manifest sorcery@^0.10.0
1152 silly packumentCache full:https://registry.npmjs.org/sorcery cache-miss
1153 http fetch GET 200 https://registry.npmjs.org/sorcery 3ms (cache hit)
1154 silly packumentCache full:https://registry.npmjs.org/sorcery set size:78399 disposed:false
1155 silly fetch manifest @types/pug@^2.0.4
1156 silly packumentCache full:https://registry.npmjs.org/@types%2fpug cache-miss
1157 http fetch GET 200 https://registry.npmjs.org/@types%2fpug 3ms (cache hit)
1158 silly packumentCache full:https://registry.npmjs.org/@types%2fpug set size:16724 disposed:false
1159 silly fetch manifest @types/sass@^1.16.0
1160 silly packumentCache full:https://registry.npmjs.org/@types%2fsass cache-miss
1161 http fetch GET 200 https://registry.npmjs.org/@types%2fsass 68ms (cache miss)
1162 silly packumentCache full:https://registry.npmjs.org/@types%2fsass set size:undefined disposed:false
1163 silly fetch manifest magic-string@^0.25.7
1164 silly packumentCache full:https://registry.npmjs.org/magic-string cache-miss
1165 http fetch GET 200 https://registry.npmjs.org/magic-string 4ms (cache hit)
1166 silly packumentCache full:https://registry.npmjs.org/magic-string set size:328579 disposed:false
1167 silly fetch manifest detect-indent@^6.0.0
1168 silly packumentCache full:https://registry.npmjs.org/detect-indent cache-miss
1169 http fetch GET 200 https://registry.npmjs.org/detect-indent 7ms (cache hit)
1170 silly packumentCache full:https://registry.npmjs.org/detect-indent set size:36104 disposed:false
1171 silly placeDep ROOT @jridgewell/resolve-uri@3.1.2 OK for: @jridgewell/trace-mapping@0.3.31 want: ^3.1.0
1172 silly placeDep ROOT @jridgewell/sourcemap-codec@1.5.5 OK for: @jridgewell/trace-mapping@0.3.31 want: ^1.4.14
1173 silly placeDep ROOT anymatch@3.1.3 OK for: chokidar@3.6.0 want: ~3.1.2
1174 silly placeDep ROOT braces@3.0.3 OK for: chokidar@3.6.0 want: ~3.0.2
1175 silly placeDep ROOT fsevents@2.3.3 OK for: chokidar@3.6.0 want: ~2.3.2
1176 silly placeDep ROOT glob-parent@5.1.2 OK for: chokidar@3.6.0 want: ~5.1.2
1177 silly placeDep ROOT is-binary-path@2.1.0 OK for: chokidar@3.6.0 want: ~2.1.0
1178 silly placeDep ROOT is-glob@4.0.3 OK for: chokidar@3.6.0 want: ~4.0.1
1179 silly placeDep ROOT normalize-path@3.0.0 OK for: chokidar@3.6.0 want: ~3.0.0
1180 silly placeDep ROOT readdirp@3.6.0 OK for: chokidar@3.6.0 want: ~3.6.0
1181 silly fetch manifest picomatch@^2.0.4
1182 silly packumentCache full:https://registry.npmjs.org/picomatch cache-miss
1183 http fetch GET 200 https://registry.npmjs.org/picomatch 31ms (cache revalidated)
1184 silly packumentCache full:https://registry.npmjs.org/picomatch set size:118818 disposed:false
1185 silly fetch manifest normalize-path@^3.0.0
1186 silly packumentCache full:https://registry.npmjs.org/normalize-path cache-miss
1187 http fetch GET 200 https://registry.npmjs.org/normalize-path 4ms (cache hit)
1188 silly packumentCache full:https://registry.npmjs.org/normalize-path set size:28713 disposed:false
1189 silly fetch manifest fill-range@^7.1.1
1190 silly packumentCache full:https://registry.npmjs.org/fill-range cache-miss
1191 http fetch GET 200 https://registry.npmjs.org/fill-range 47ms (cache revalidated)
1192 silly packumentCache full:https://registry.npmjs.org/fill-range set size:90212 disposed:false
1193 silly fetch manifest is-glob@^4.0.1
1194 silly packumentCache full:https://registry.npmjs.org/is-glob cache-hit
1195 silly fetch manifest binary-extensions@^2.0.0
1196 silly packumentCache full:https://registry.npmjs.org/binary-extensions cache-miss
1197 http fetch GET 200 https://registry.npmjs.org/binary-extensions 54ms (cache miss)
1198 silly packumentCache full:https://registry.npmjs.org/binary-extensions set size:undefined disposed:false
1199 silly fetch manifest is-extglob@^2.1.1
1200 silly packumentCache full:https://registry.npmjs.org/is-extglob cache-miss
1201 http fetch GET 200 https://registry.npmjs.org/is-extglob 38ms (cache revalidated)
1202 silly packumentCache full:https://registry.npmjs.org/is-extglob set size:11766 disposed:false
1203 silly fetch manifest picomatch@^2.2.1
1204 silly packumentCache full:https://registry.npmjs.org/picomatch cache-hit
1205 silly placeDep ROOT picomatch@2.3.1 OK for: anymatch@3.1.3 want: ^2.0.4
1206 silly placeDep ROOT fill-range@7.1.1 OK for: braces@3.0.3 want: ^7.1.1
1207 silly fetch manifest to-regex-range@^5.0.1
1208 silly packumentCache full:https://registry.npmjs.org/to-regex-range cache-miss
1209 http fetch GET 200 https://registry.npmjs.org/to-regex-range 43ms (cache revalidated)
1210 silly packumentCache full:https://registry.npmjs.org/to-regex-range set size:61569 disposed:false
1211 silly placeDep ROOT @nodelib/fs.stat@2.0.5 OK for: fast-glob@3.3.3 want: ^2.0.2
1212 silly placeDep ROOT @nodelib/fs.walk@1.2.8 OK for: fast-glob@3.3.3 want: ^1.2.3
1213 silly placeDep ROOT merge2@1.4.1 OK for: fast-glob@3.3.3 want: ^1.3.0
1214 silly placeDep ROOT micromatch@4.0.8 OK for: fast-glob@3.3.3 want: ^4.0.8
1215 silly fetch manifest fastq@^1.6.0
1216 silly packumentCache full:https://registry.npmjs.org/fastq cache-miss
1217 http fetch GET 200 https://registry.npmjs.org/fastq 58ms (cache miss)
1218 silly packumentCache full:https://registry.npmjs.org/fastq set size:undefined disposed:false
1219 silly fetch manifest @nodelib/fs.scandir@2.1.5
1220 silly packumentCache full:https://registry.npmjs.org/@nodelib%2ffs.scandir cache-miss
1221 http fetch GET 200 https://registry.npmjs.org/@nodelib%2ffs.scandir 49ms (cache miss)
1222 silly packumentCache full:https://registry.npmjs.org/@nodelib%2ffs.scandir set size:undefined disposed:false
1223 silly placeDep ROOT @nodelib/fs.scandir@2.1.5 OK for: @nodelib/fs.walk@1.2.8 want: 2.1.5
1224 silly placeDep ROOT fastq@1.19.1 OK for: @nodelib/fs.walk@1.2.8 want: ^1.6.0
1225 silly fetch manifest run-parallel@^1.1.9
1226 silly packumentCache full:https://registry.npmjs.org/run-parallel cache-miss
1227 http fetch GET 200 https://registry.npmjs.org/run-parallel 35ms (cache miss)
1228 silly packumentCache full:https://registry.npmjs.org/run-parallel set size:undefined disposed:false
1229 silly fetch manifest reusify@^1.0.4
1230 silly packumentCache full:https://registry.npmjs.org/reusify cache-miss
1231 http fetch GET 200 https://registry.npmjs.org/reusify 40ms (cache miss)
1232 silly packumentCache full:https://registry.npmjs.org/reusify set size:undefined disposed:false
1233 silly placeDep ROOT run-parallel@1.2.0 OK for: @nodelib/fs.scandir@2.1.5 want: ^1.1.9
1234 silly fetch manifest queue-microtask@^1.2.2
1235 silly packumentCache full:https://registry.npmjs.org/queue-microtask cache-miss
1236 http fetch GET 200 https://registry.npmjs.org/queue-microtask 28ms (cache miss)
1237 silly packumentCache full:https://registry.npmjs.org/queue-microtask set size:undefined disposed:false
1238 silly placeDep ROOT reusify@1.1.0 OK for: fastq@1.19.1 want: ^1.0.4
1239 silly placeDep ROOT to-regex-range@5.0.1 OK for: fill-range@7.1.1 want: ^5.0.1
1240 silly fetch manifest is-number@^7.0.0
1241 silly packumentCache full:https://registry.npmjs.org/is-number cache-miss
1242 http fetch GET 200 https://registry.npmjs.org/is-number 38ms (cache revalidated)
1243 silly packumentCache full:https://registry.npmjs.org/is-number set size:36183 disposed:false
1244 silly placeDep ROOT parent-module@1.0.1 OK for: import-fresh@3.3.1 want: ^1.0.0
1245 silly placeDep ROOT resolve-from@4.0.0 OK for: import-fresh@3.3.1 want: ^4.0.0
1246 silly fetch manifest callsites@^3.0.0
1247 silly packumentCache full:https://registry.npmjs.org/callsites cache-miss
1248 http fetch GET 200 https://registry.npmjs.org/callsites 35ms (cache miss)
1249 silly packumentCache full:https://registry.npmjs.org/callsites set size:undefined disposed:false
1250 silly placeDep ROOT binary-extensions@2.3.0 OK for: is-binary-path@2.1.0 want: ^2.0.0
1251 silly placeDep ROOT is-extglob@2.1.1 OK for: is-glob@4.0.3 want: ^2.1.1
1252 silly placeDep ROOT callsites@3.1.0 OK for: parent-module@1.0.1 want: ^3.0.0
1253 silly placeDep ROOT queue-microtask@1.2.3 OK for: run-parallel@1.2.0 want: ^1.2.2
1254 silly placeDep ROOT mri@1.2.0 OK for: sade@1.8.1 want: ^1.1.0
1255 silly placeDep ROOT @types/pug@2.0.10 OK for: svelte-preprocess@5.1.4 want: ^2.0.6
1256 silly placeDep ROOT detect-indent@6.1.0 OK for: svelte-preprocess@5.1.4 want: ^6.1.0
1257 silly placeDep ROOT magic-string@0.30.19 OK for: svelte-preprocess@5.1.4 want: ^0.30.5
1258 silly placeDep ROOT sorcery@0.11.1 OK for: svelte-preprocess@5.1.4 want: ^0.11.0
1259 silly placeDep ROOT strip-indent@3.0.0 OK for: svelte-preprocess@5.1.4 want: ^3.0.0
1260 silly fetch manifest sander@^0.5.0
1261 silly packumentCache full:https://registry.npmjs.org/sander cache-miss
1262 http fetch GET 200 https://registry.npmjs.org/sander 47ms (cache miss)
1263 silly packumentCache full:https://registry.npmjs.org/sander set size:undefined disposed:false
1264 silly fetch manifest minimist@^1.2.0
1265 silly packumentCache full:https://registry.npmjs.org/minimist cache-miss
1266 http fetch GET 200 https://registry.npmjs.org/minimist 30ms (cache miss)
1267 silly packumentCache full:https://registry.npmjs.org/minimist set size:undefined disposed:false
1268 silly fetch manifest buffer-crc32@^1.0.0
1269 silly packumentCache full:https://registry.npmjs.org/buffer-crc32 cache-miss
1270 http fetch GET 200 https://registry.npmjs.org/buffer-crc32 41ms (cache miss)
1271 silly packumentCache full:https://registry.npmjs.org/buffer-crc32 set size:undefined disposed:false
1272 silly fetch manifest min-indent@^1.0.0
1273 silly packumentCache full:https://registry.npmjs.org/min-indent cache-miss
1274 http fetch GET 200 https://registry.npmjs.org/min-indent 30ms (cache miss)
1275 silly packumentCache full:https://registry.npmjs.org/min-indent set size:undefined disposed:false
1276 silly placeDep ROOT buffer-crc32@1.0.0 OK for: sorcery@0.11.1 want: ^1.0.0
1277 silly placeDep ROOT minimist@1.2.8 OK for: sorcery@0.11.1 want: ^1.2.0
1278 silly placeDep ROOT sander@0.5.1 OK for: sorcery@0.11.1 want: ^0.5.0
1279 silly fetch manifest es6-promise@^3.1.2
1280 silly packumentCache full:https://registry.npmjs.org/es6-promise cache-miss
1281 http fetch GET 200 https://registry.npmjs.org/es6-promise 36ms (cache miss)
1282 silly packumentCache full:https://registry.npmjs.org/es6-promise set size:undefined disposed:false
1283 silly fetch manifest mkdirp@^0.5.1
1284 silly packumentCache full:https://registry.npmjs.org/mkdirp cache-miss
1285 http fetch GET 200 https://registry.npmjs.org/mkdirp 40ms (cache miss)
1286 silly packumentCache full:https://registry.npmjs.org/mkdirp set size:undefined disposed:false
1287 silly fetch manifest rimraf@^2.5.2
1288 silly packumentCache full:https://registry.npmjs.org/rimraf cache-miss
1289 http fetch GET 200 https://registry.npmjs.org/rimraf 31ms (cache miss)
1290 silly packumentCache full:https://registry.npmjs.org/rimraf set size:undefined disposed:false
1291 silly fetch manifest graceful-fs@^4.1.3
1292 silly packumentCache full:https://registry.npmjs.org/graceful-fs cache-miss
1293 http fetch GET 200 https://registry.npmjs.org/graceful-fs 83ms (cache miss)
1294 silly packumentCache full:https://registry.npmjs.org/graceful-fs set size:undefined disposed:false
1295 silly placeDep ROOT es6-promise@3.3.1 OK for: sander@0.5.1 want: ^3.1.2
1296 silly placeDep ROOT graceful-fs@4.2.11 OK for: sander@0.5.1 want: ^4.1.3
1297 silly placeDep ROOT mkdirp@0.5.6 OK for: sander@0.5.1 want: ^0.5.1
1298 silly placeDep ROOT rimraf@2.7.1 OK for: sander@0.5.1 want: ^2.5.2
1299 silly fetch manifest glob@^7.1.3
1300 silly packumentCache full:https://registry.npmjs.org/glob cache-miss
1301 http fetch GET 200 https://registry.npmjs.org/glob 36ms (cache miss)
1302 silly packumentCache full:https://registry.npmjs.org/glob set size:undefined disposed:false
1303 silly placeDep ROOT glob@7.2.3 OK for: rimraf@2.7.1 want: ^7.1.3
1304 silly fetch manifest once@^1.3.0
1305 silly packumentCache full:https://registry.npmjs.org/once cache-miss
1306 http fetch GET 200 https://registry.npmjs.org/once 32ms (cache revalidated)
1307 silly packumentCache full:https://registry.npmjs.org/once set size:11768 disposed:false
1308 silly fetch manifest inflight@^1.0.4
1309 silly packumentCache full:https://registry.npmjs.org/inflight cache-miss
1310 http fetch GET 200 https://registry.npmjs.org/inflight 31ms (cache miss)
1311 silly packumentCache full:https://registry.npmjs.org/inflight set size:undefined disposed:false
1312 silly fetch manifest minimatch@^3.1.1
1313 silly packumentCache full:https://registry.npmjs.org/minimatch cache-miss
1314 http fetch GET 200 https://registry.npmjs.org/minimatch 35ms (cache miss)
1315 silly packumentCache full:https://registry.npmjs.org/minimatch set size:undefined disposed:false
1316 silly fetch manifest fs.realpath@^1.0.0
1317 silly packumentCache full:https://registry.npmjs.org/fs.realpath cache-miss
1318 http fetch GET 200 https://registry.npmjs.org/fs.realpath 60ms (cache miss)
1319 silly packumentCache full:https://registry.npmjs.org/fs.realpath set size:undefined disposed:false
1320 silly fetch manifest path-is-absolute@^1.0.0
1321 silly packumentCache full:https://registry.npmjs.org/path-is-absolute cache-miss
1322 http fetch GET 200 https://registry.npmjs.org/path-is-absolute 31ms (cache miss)
1323 silly packumentCache full:https://registry.npmjs.org/path-is-absolute set size:undefined disposed:false
1324 silly placeDep ROOT fs.realpath@1.0.0 OK for: glob@7.2.3 want: ^1.0.0
1325 silly placeDep ROOT inflight@1.0.6 OK for: glob@7.2.3 want: ^1.0.4
1326 silly placeDep ROOT minimatch@3.1.2 OK for: glob@7.2.3 want: ^3.1.1
1327 silly placeDep ROOT once@1.4.0 OK for: glob@7.2.3 want: ^1.3.0
1328 silly placeDep ROOT path-is-absolute@1.0.1 OK for: glob@7.2.3 want: ^1.0.0
1329 silly fetch manifest wrappy@1
1330 silly packumentCache full:https://registry.npmjs.org/wrappy cache-miss
1331 http fetch GET 200 https://registry.npmjs.org/wrappy 36ms (cache revalidated)
1332 silly packumentCache full:https://registry.npmjs.org/wrappy set size:7682 disposed:false
1333 silly fetch manifest brace-expansion@^1.1.7
1334 silly packumentCache full:https://registry.npmjs.org/brace-expansion cache-miss
1335 http fetch GET 200 https://registry.npmjs.org/brace-expansion 31ms (cache miss)
1336 silly packumentCache full:https://registry.npmjs.org/brace-expansion set size:undefined disposed:false
1337 silly placeDep ROOT wrappy@1.0.2 OK for: inflight@1.0.6 want: 1
1338 silly placeDep ROOT brace-expansion@1.1.12 OK for: minimatch@3.1.2 want: ^1.1.7
1339 silly fetch manifest balanced-match@^1.0.0
1340 silly packumentCache full:https://registry.npmjs.org/balanced-match cache-miss
1341 http fetch GET 200 https://registry.npmjs.org/balanced-match 40ms (cache miss)
1342 silly packumentCache full:https://registry.npmjs.org/balanced-match set size:undefined disposed:false
1343 silly fetch manifest concat-map@0.0.1
1344 silly packumentCache full:https://registry.npmjs.org/concat-map cache-miss
1345 http fetch GET 200 https://registry.npmjs.org/concat-map 26ms (cache miss)
1346 silly packumentCache full:https://registry.npmjs.org/concat-map set size:undefined disposed:false
1347 silly placeDep ROOT balanced-match@1.0.2 OK for: brace-expansion@1.1.12 want: ^1.0.0
1348 silly placeDep ROOT concat-map@0.0.1 OK for: brace-expansion@1.1.12 want: 0.0.1
1349 silly placeDep ROOT min-indent@1.0.1 OK for: strip-indent@3.0.0 want: ^1.0.0
1350 silly placeDep ROOT is-number@7.0.0 OK for: to-regex-range@5.0.1 want: ^7.0.0
1351 silly placeDep node_modules/util inherits@2.0.3 OK for: util@0.10.4 want: 2.0.3
1352 silly placeDep ROOT defaults@1.0.4 OK for: wcwidth@1.0.1 want: ^1.0.3
1353 silly fetch manifest clone@^1.0.2
1354 silly packumentCache full:https://registry.npmjs.org/clone cache-miss
1355 http fetch GET 200 https://registry.npmjs.org/clone 33ms (cache miss)
1356 silly packumentCache full:https://registry.npmjs.org/clone set size:undefined disposed:false
1357 silly placeDep ROOT clone@1.0.4 OK for: defaults@1.0.4 want: ^1.0.2
1358 silly placeDep ROOT ansi-styles@4.3.0 OK for: wrap-ansi@6.2.0 want: ^4.0.0
1359 silly fetch manifest color-convert@^2.0.1
1360 silly packumentCache full:https://registry.npmjs.org/color-convert cache-miss
1361 http fetch GET 200 https://registry.npmjs.org/color-convert 37ms (cache miss)
1362 silly packumentCache full:https://registry.npmjs.org/color-convert set size:undefined disposed:false
1363 silly placeDep ROOT color-convert@2.0.1 OK for: ansi-styles@4.3.0 want: ^2.0.1
1364 silly fetch manifest color-name@~1.1.4
1365 silly packumentCache full:https://registry.npmjs.org/color-name cache-miss
1366 http fetch GET 200 https://registry.npmjs.org/color-name 28ms (cache miss)
1367 silly packumentCache full:https://registry.npmjs.org/color-name set size:undefined disposed:false
1368 silly placeDep ROOT color-name@1.1.4 OK for: color-convert@2.0.1 want: ~1.1.4
1369 silly placeDep ROOT algo-msgpack-with-bigint@2.1.1 OK for: algosdk@2.11.0 want: ^2.1.1
1370 silly placeDep node_modules/algostack camelcase@6.3.0 OK for: camelcase-keys@7.0.2 want: ^6.3.0
1371 silly placeDep node_modules/algostack quick-lru@5.1.1 OK for: camelcase-keys@7.0.2 want: ^5.1.1
1372 silly placeDep node_modules/algostack type-fest@1.4.0 OK for: camelcase-keys@7.0.2 want: ^1.2.1
1373 silly placeDep node_modules/inquirer-directory ansi-styles@2.2.1 OK for: chalk@1.1.3 want: ^2.2.1
1374 silly placeDep ROOT has-ansi@2.0.0 OK for: chalk@1.1.3 want: ^2.0.0
1375 silly placeDep node_modules/inquirer-directory strip-ansi@3.0.1 OK for: chalk@1.1.3 want: ^3.0.0
1376 silly placeDep ROOT supports-color@2.0.0 OK for: chalk@1.1.3 want: ^2.0.0
1377 silly fetch manifest ansi-regex@^2.0.0
1378 silly packumentCache full:https://registry.npmjs.org/ansi-regex cache-miss
1379 http fetch GET 200 https://registry.npmjs.org/ansi-regex 3ms (cache hit)
1380 silly packumentCache full:https://registry.npmjs.org/ansi-regex set size:43572 disposed:false
1381 silly placeDep node_modules/has-ansi ansi-regex@2.1.1 OK for: has-ansi@2.0.0 want: ^2.0.0
1382 silly placeDep node_modules/inquirer-directory ansi-escapes@1.4.0 OK for: inquirer@1.2.3 want: ^1.1.0
1383 silly placeDep node_modules/inquirer-directory cli-width@2.2.1 OK for: inquirer@1.2.3 want: ^2.0.0
1384 silly placeDep ROOT external-editor@1.1.1 OK for: inquirer@1.2.3 want: ^1.1.0
1385 silly placeDep node_modules/inquirer-directory mute-stream@0.0.6 OK for: inquirer@1.2.3 want: 0.0.6
1386 silly placeDep ROOT pinkie-promise@2.0.1 OK for: inquirer@1.2.3 want: ^2.0.0
1387 silly placeDep node_modules/inquirer-directory run-async@2.4.1 OK for: inquirer@1.2.3 want: ^2.2.0
1388 silly placeDep ROOT rx@4.1.0 OK for: inquirer@1.2.3 want: ^4.1.0
1389 silly placeDep node_modules/inquirer-directory string-width@1.0.2 OK for: inquirer@1.2.3 want: ^1.0.1
1390 silly placeDep ROOT through@2.3.8 OK for: inquirer@1.2.3 want: ^2.3.6
1391 silly fetch manifest extend@^3.0.0
1392 silly packumentCache full:https://registry.npmjs.org/extend cache-miss
1393 http fetch GET 200 https://registry.npmjs.org/extend 52ms (cache miss)
1394 silly packumentCache full:https://registry.npmjs.org/extend set size:undefined disposed:false
1395 silly fetch manifest spawn-sync@^1.0.15
1396 silly packumentCache full:https://registry.npmjs.org/spawn-sync cache-miss
1397 http fetch GET 200 https://registry.npmjs.org/spawn-sync 36ms (cache miss)
1398 silly packumentCache full:https://registry.npmjs.org/spawn-sync set size:undefined disposed:false
1399 silly fetch manifest tmp@^0.0.29
1400 silly packumentCache full:https://registry.npmjs.org/tmp cache-miss
1401 http fetch GET 200 https://registry.npmjs.org/tmp 29ms (cache miss)
1402 silly packumentCache full:https://registry.npmjs.org/tmp set size:undefined disposed:false
1403 silly fetch manifest pinkie@^2.0.0
1404 silly packumentCache full:https://registry.npmjs.org/pinkie cache-miss
1405 http fetch GET 200 https://registry.npmjs.org/pinkie 30ms (cache miss)
1406 silly packumentCache full:https://registry.npmjs.org/pinkie set size:undefined disposed:false
1407 silly fetch manifest code-point-at@^1.0.0
1408 silly packumentCache full:https://registry.npmjs.org/code-point-at cache-miss
1409 http fetch GET 200 https://registry.npmjs.org/code-point-at 33ms (cache miss)
1410 silly packumentCache full:https://registry.npmjs.org/code-point-at set size:undefined disposed:false
1411 silly fetch manifest is-fullwidth-code-point@^1.0.0
1412 silly packumentCache full:https://registry.npmjs.org/is-fullwidth-code-point cache-miss
1413 http fetch GET 200 https://registry.npmjs.org/is-fullwidth-code-point 6ms (cache hit)
1414 silly packumentCache full:https://registry.npmjs.org/is-fullwidth-code-point set size:14578 disposed:false
1415 silly placeDep ROOT extend@3.0.2 OK for: external-editor@1.1.1 want: ^3.0.0
1416 silly placeDep ROOT spawn-sync@1.0.15 OK for: external-editor@1.1.1 want: ^1.0.15
1417 silly placeDep ROOT tmp@0.0.29 OK for: external-editor@1.1.1 want: ^0.0.29
1418 silly fetch manifest os-shim@^0.1.2
1419 silly packumentCache full:https://registry.npmjs.org/os-shim cache-miss
1420 http fetch GET 200 https://registry.npmjs.org/os-shim 32ms (cache miss)
1421 silly packumentCache full:https://registry.npmjs.org/os-shim set size:undefined disposed:false
1422 silly fetch manifest concat-stream@^1.4.7
1423 silly packumentCache full:https://registry.npmjs.org/concat-stream cache-miss
1424 http fetch GET 200 https://registry.npmjs.org/concat-stream 29ms (cache miss)
1425 silly packumentCache full:https://registry.npmjs.org/concat-stream set size:undefined disposed:false
1426 silly fetch manifest os-tmpdir@~1.0.1
1427 silly packumentCache full:https://registry.npmjs.org/os-tmpdir cache-miss
1428 http fetch GET 200 https://registry.npmjs.org/os-tmpdir 39ms (cache miss)
1429 silly packumentCache full:https://registry.npmjs.org/os-tmpdir set size:undefined disposed:false
1430 silly placeDep ROOT pinkie@2.0.4 OK for: pinkie-promise@2.0.1 want: ^2.0.0
1431 silly placeDep ROOT concat-stream@1.6.2 OK for: spawn-sync@1.0.15 want: ^1.4.7
1432 silly placeDep ROOT os-shim@0.1.3 OK for: spawn-sync@1.0.15 want: ^0.1.2
1433 silly fetch manifest buffer-from@^1.0.0
1434 silly packumentCache full:https://registry.npmjs.org/buffer-from cache-miss
1435 http fetch GET 200 https://registry.npmjs.org/buffer-from 29ms (cache miss)
1436 silly packumentCache full:https://registry.npmjs.org/buffer-from set size:undefined disposed:false
1437 silly fetch manifest readable-stream@^2.2.2
1438 silly packumentCache full:https://registry.npmjs.org/readable-stream cache-miss
1439 http fetch GET 200 https://registry.npmjs.org/readable-stream 4ms (cache hit)
1440 silly packumentCache full:https://registry.npmjs.org/readable-stream set size:261096 disposed:false
1441 silly fetch manifest typedarray@^0.0.6
1442 silly packumentCache full:https://registry.npmjs.org/typedarray cache-miss
1443 http fetch GET 200 https://registry.npmjs.org/typedarray 26ms (cache miss)
1444 silly packumentCache full:https://registry.npmjs.org/typedarray set size:undefined disposed:false
1445 silly placeDep ROOT buffer-from@1.1.2 OK for: concat-stream@1.6.2 want: ^1.0.0
1446 silly placeDep node_modules/concat-stream readable-stream@2.3.8 OK for: concat-stream@1.6.2 want: ^2.2.2
1447 silly placeDep ROOT typedarray@0.0.6 OK for: concat-stream@1.6.2 want: ^0.0.6
1448 silly fetch manifest isarray@~1.0.0
1449 silly packumentCache full:https://registry.npmjs.org/isarray cache-miss
1450 http fetch GET 200 https://registry.npmjs.org/isarray 40ms (cache miss)
1451 silly packumentCache full:https://registry.npmjs.org/isarray set size:undefined disposed:false
1452 silly fetch manifest safe-buffer@~5.1.1
1453 silly packumentCache full:https://registry.npmjs.org/safe-buffer cache-hit
1454 silly fetch manifest core-util-is@~1.0.0
1455 silly packumentCache full:https://registry.npmjs.org/core-util-is cache-miss
1456 http fetch GET 200 https://registry.npmjs.org/core-util-is 29ms (cache miss)
1457 silly packumentCache full:https://registry.npmjs.org/core-util-is set size:undefined disposed:false
1458 silly fetch manifest string_decoder@~1.1.1
1459 silly packumentCache full:https://registry.npmjs.org/string_decoder cache-miss
1460 http fetch GET 200 https://registry.npmjs.org/string_decoder 5ms (cache hit)
1461 silly packumentCache full:https://registry.npmjs.org/string_decoder set size:28441 disposed:false
1462 silly fetch manifest process-nextick-args@~2.0.0
1463 silly packumentCache full:https://registry.npmjs.org/process-nextick-args cache-miss
1464 http fetch GET 200 https://registry.npmjs.org/process-nextick-args 28ms (cache miss)
1465 silly packumentCache full:https://registry.npmjs.org/process-nextick-args set size:undefined disposed:false
1466 silly placeDep ROOT os-tmpdir@1.0.2 OK for: tmp@0.0.29 want: ~1.0.1
1467 silly placeDep ROOT core-util-is@1.0.3 OK for: readable-stream@2.3.8 want: ~1.0.0
1468 silly placeDep ROOT isarray@1.0.0 OK for: readable-stream@2.3.8 want: ~1.0.0
1469 silly placeDep ROOT process-nextick-args@2.0.1 OK for: readable-stream@2.3.8 want: ~2.0.0
1470 silly placeDep node_modules/concat-stream safe-buffer@5.1.2 OK for: readable-stream@2.3.8 want: ~5.1.1
1471 silly placeDep node_modules/concat-stream string_decoder@1.1.1 OK for: readable-stream@2.3.8 want: ~1.1.1
1472 silly placeDep ROOT code-point-at@1.1.0 OK for: string-width@1.0.2 want: ^1.0.0
1473 silly placeDep node_modules/inquirer-directory is-fullwidth-code-point@1.0.0 OK for: string-width@1.0.2 want: ^1.0.0
1474 silly fetch manifest number-is-nan@^1.0.0
1475 silly packumentCache full:https://registry.npmjs.org/number-is-nan cache-miss
1476 http fetch GET 200 https://registry.npmjs.org/number-is-nan 37ms (cache miss)
1477 silly packumentCache full:https://registry.npmjs.org/number-is-nan set size:undefined disposed:false
1478 silly placeDep ROOT number-is-nan@1.0.1 OK for: is-fullwidth-code-point@1.0.0 want: ^1.0.0
1479 silly placeDep node_modules/inquirer-directory ansi-regex@2.1.1 OK for: strip-ansi@3.0.1 want: ^2.0.0
1480 silly placeDep node_modules/inquirer-file-tree-selection-prompt restore-cursor@4.0.0 OK for: cli-cursor@4.0.0 want: ^4.0.0
1481 silly fetch manifest onetime@^5.1.0
1482 silly packumentCache full:https://registry.npmjs.org/onetime cache-miss
1483 http fetch GET 200 https://registry.npmjs.org/onetime 3ms (cache hit)
1484 silly packumentCache full:https://registry.npmjs.org/onetime set size:30525 disposed:false
1485 silly fetch manifest signal-exit@^3.0.2
1486 silly packumentCache full:https://registry.npmjs.org/signal-exit cache-miss
1487 http fetch GET 200 https://registry.npmjs.org/signal-exit 36ms (cache miss)
1488 silly packumentCache full:https://registry.npmjs.org/signal-exit set size:undefined disposed:false
1489 silly placeDep node_modules/inquirer-file-tree-selection-prompt escape-string-regexp@5.0.0 OK for: figures@4.0.1 want: ^5.0.0
1490 silly placeDep node_modules/inquirer-file-tree-selection-prompt is-unicode-supported@1.3.0 OK for: figures@4.0.1 want: ^1.2.0
1491 silly placeDep node_modules/inquirer-file-tree-selection-prompt onetime@5.1.2 OK for: restore-cursor@4.0.0 want: ^5.1.0
1492 silly placeDep ROOT signal-exit@3.0.7 OK for: restore-cursor@4.0.0 want: ^3.0.2
1493 silly fetch manifest mimic-fn@^2.1.0
1494 silly packumentCache full:https://registry.npmjs.org/mimic-fn cache-miss
1495 http fetch GET 200 https://registry.npmjs.org/mimic-fn 56ms (cache miss)
1496 silly packumentCache full:https://registry.npmjs.org/mimic-fn set size:undefined disposed:false
1497 silly placeDep ROOT mimic-fn@2.1.0 OK for: onetime@5.1.2 want: ^2.1.0
1498 silly placeDep node_modules/log-symbols supports-color@7.2.0 OK for: chalk@4.1.2 want: ^7.1.0
1499 silly fetch manifest has-flag@^4.0.0
1500 silly packumentCache full:https://registry.npmjs.org/has-flag cache-miss
1501 http fetch GET 200 https://registry.npmjs.org/has-flag 45ms (cache miss)
1502 silly packumentCache full:https://registry.npmjs.org/has-flag set size:undefined disposed:false
1503 silly placeDep ROOT has-flag@4.0.0 OK for: supports-color@7.2.0 want: ^4.0.0
1504 silly placeDep node_modules/ora supports-color@7.2.0 OK for: chalk@4.1.2 want: ^7.1.0
1505 silly placeDep node_modules/ora restore-cursor@3.1.0 OK for: cli-cursor@3.1.0 want: ^3.1.0
1506 silly placeDep node_modules/ora onetime@5.1.2 OK for: restore-cursor@3.1.0 want: ^5.1.0
1507 silly placeDep ROOT @types/sass@1.43.1 OK for: svelte-preprocess@4.10.7 want: ^1.16.0
1508 silly placeDep node_modules/svelte-check magic-string@0.25.9 OK for: svelte-preprocess@4.10.7 want: ^0.25.7
1509 silly placeDep node_modules/svelte-check sorcery@0.10.0 OK for: svelte-preprocess@4.10.7 want: ^0.10.0
1510 silly placeDep ROOT typescript@4.9.5 REPLACE for: svelte-preprocess@4.10.7 want: ^3.9.5 || ^4.0.0
1511 silly fetch manifest sourcemap-codec@^1.4.8
1512 silly packumentCache full:https://registry.npmjs.org/sourcemap-codec cache-miss
1513 http fetch GET 200 https://registry.npmjs.org/sourcemap-codec 36ms (cache miss)
1514 silly packumentCache full:https://registry.npmjs.org/sourcemap-codec set size:undefined disposed:false
1515 silly fetch manifest buffer-crc32@^0.2.5
1516 silly packumentCache full:https://registry.npmjs.org/buffer-crc32 cache-miss
1517 http fetch GET 200 https://registry.npmjs.org/buffer-crc32 3ms (cache hit)
1518 silly packumentCache full:https://registry.npmjs.org/buffer-crc32 set size:58100 disposed:false
1519 silly fetch manifest sourcemap-codec@^1.3.0
1520 silly packumentCache full:https://registry.npmjs.org/sourcemap-codec cache-miss
1521 http fetch GET 200 https://registry.npmjs.org/sourcemap-codec 3ms (cache hit)
1522 silly packumentCache full:https://registry.npmjs.org/sourcemap-codec set size:45470 disposed:false
1523 silly placeDep ROOT sourcemap-codec@1.4.8 OK for: magic-string@0.25.9 want: ^1.4.8
1524 silly placeDep node_modules/svelte-check buffer-crc32@0.2.13 OK for: sorcery@0.10.0 want: ^0.2.5
1525 silly reify moves {}
1526 silly audit bulk request {
1526 silly audit   alloctrl: [ '0.1.9' ],
1526 silly audit   algostack: [ '0.4.49' ],
1526 silly audit   axios: [ '1.12.2' ],
1526 silly audit   buffer: [ '6.0.3', '5.7.1' ],
1526 silly audit   'camelcase-keys': [ '8.0.2', '7.0.2' ],
1526 silly audit   chalk: [ '5.6.2', '1.1.3', '4.1.2' ],
1526 silly audit   dotenv: [ '16.6.1' ],
1526 silly audit   inquirer: [ '9.3.8', '1.2.3' ],
1526 silly audit   'inquirer-directory': [ '2.2.0' ],
1526 silly audit   'inquirer-file-tree-selection-prompt': [ '2.0.5' ],
1526 silly audit   'lodash-es': [ '4.17.21' ],
1526 silly audit   svelte: [ '3.59.2' ],
1526 silly audit   'svelte-check': [ '2.10.3' ],
1526 silly audit   'svelte-preprocess': [ '5.1.4', '4.10.7' ],
1526 silly audit   '@blockshake/defly-connect': [ '1.2.1' ],
1526 silly audit   '@json-rpc-tools/utils': [ '1.7.6' ],
1526 silly audit   '@perawallet/connect': [ '1.4.2' ],
1526 silly audit   '@randlabs/myalgo-connect': [ '1.4.2' ],
1526 silly audit   '@types/lodash': [ '4.17.20' ],
1526 silly audit   '@types/node': [ '18.19.130' ],
1526 silly audit   dexie: [ '3.2.7' ],
1526 silly audit   'fake-indexeddb': [ '5.0.2' ],
1526 silly audit   'kebabcase-keys': [ '1.0.0' ],
1526 silly audit   multiformats: [ '12.1.3' ],
1526 silly audit   'object-hash': [ '3.0.0' ],
1526 silly audit   'p-ratelimit': [ '1.0.1' ],
1526 silly audit   '@likecoin/qr-code-styling': [ '1.6.6' ],
1526 silly audit   '@walletconnect/client': [ '1.8.0' ],
1526 silly audit   '@walletconnect/types': [ '1.8.0' ],
1526 silly audit   algosdk: [ '3.5.2', '2.11.0' ],
1526 silly audit   bowser: [ '2.11.0' ],
1526 silly audit   'lottie-web': [ '5.13.0' ],
1526 silly audit   '@json-rpc-tools/types': [ '1.7.6' ],
1526 silly audit   '@pedrouid/environment': [ '1.0.1' ],
1526 silly audit   'keyvaluestorage-interface': [ '1.0.0' ],
1526 silly audit   'qrcode-generator': [ '1.5.2' ],
1526 silly audit   '@evanhahn/lottie-web-light': [ '5.8.1' ],
1526 silly audit   'qr-code-styling': [ '1.6.0-rc.1' ],
1526 silly audit   '@randlabs/communication-bridge': [ '1.0.1' ],
1526 silly audit   'undici-types': [ '5.26.5' ],
1526 silly audit   '@walletconnect/core': [ '1.8.0' ],
1526 silly audit   '@walletconnect/iso-crypto': [ '1.8.0' ],
1526 silly audit   '@walletconnect/utils': [ '1.8.0' ],
1526 silly audit   '@walletconnect/socket-transport': [ '1.8.0' ],
1526 silly audit   '@walletconnect/crypto': [ '1.1.0' ],
1526 silly audit   '@noble/ciphers': [ '1.2.0' ],
1526 silly audit   '@noble/hashes': [ '1.7.0' ],
1526 silly audit   '@walletconnect/encoding': [ '1.0.2' ],
1526 silly audit   '@walletconnect/environment': [ '1.0.1' ],
1526 silly audit   '@walletconnect/randombytes': [ '1.1.0' ],
1526 silly audit   tslib: [ '1.14.1', '2.8.1' ],
1526 silly audit   'is-typedarray': [ '1.0.0' ],
1526 silly audit   'typedarray-to-buffer': [ '3.1.5' ],
1526 silly audit   ws: [ '7.5.3' ],
1526 silly audit   '@walletconnect/browser-utils': [ '1.8.0' ],
1526 silly audit   '@walletconnect/jsonrpc-utils': [ '1.0.8' ],
1526 silly audit   'bn.js': [ '4.11.8' ],
1526 silly audit   'js-sha3': [ '0.8.0' ],
1526 silly audit   'query-string': [ '6.13.5' ],
1526 silly audit   '@walletconnect/safe-json': [ '1.0.0' ],
1526 silly audit   '@walletconnect/window-getters': [ '1.0.0' ],
1526 silly audit   '@walletconnect/window-metadata': [ '1.0.0' ],
1526 silly audit   'detect-browser': [ '5.2.0' ],
1526 silly audit   '@walletconnect/jsonrpc-types': [ '1.0.4' ],
1526 silly audit   events: [ '3.3.0' ],
1526 silly audit   'algorand-msgpack': [ '1.1.0' ],
1526 silly audit   'hi-base32': [ '0.5.1' ],
1526 silly audit   'js-sha256': [ '0.9.0' ],
1526 silly audit   'js-sha512': [ '0.8.0' ],
1526 silly audit   'json-bigint': [ '1.0.0' ],
1526 silly audit   tweetnacl: [ '1.0.3' ],
1526 silly audit   vlq: [ '2.0.4' ],
1526 silly audit   'follow-redirects': [ '1.15.11' ],
1526 silly audit   'form-data': [ '4.0.4' ],
1526 silly audit   'proxy-from-env': [ '1.1.0' ],
1526 silly audit   'base64-js': [ '1.5.1' ],
1526 silly audit   ieee754: [ '1.2.1' ],
1526 silly audit   camelcase: [ '7.0.1', '6.3.0' ],
1526 silly audit   'map-obj': [ '4.3.0', '3.1.0' ],
1526 silly audit   'quick-lru': [ '6.1.2', '1.1.0', '5.1.1' ],
1526 silly audit   'type-fest': [ '2.19.0', '0.21.3', '1.4.0' ],
1526 silly audit   asynckit: [ '0.4.0' ],
1526 silly audit   'combined-stream': [ '1.0.8' ],
1526 silly audit   'es-set-tostringtag': [ '2.1.0' ],
1526 silly audit   hasown: [ '2.0.2' ],
1526 silly audit   'mime-types': [ '2.1.35' ],
1526 silly audit   'delayed-stream': [ '1.0.0' ],
1526 silly audit   'es-errors': [ '1.3.0' ],
1526 silly audit   'get-intrinsic': [ '1.3.0' ],
1526 silly audit   'has-tostringtag': [ '1.0.2' ],
1526 silly audit   'call-bind-apply-helpers': [ '1.0.2' ],
1526 silly audit   'es-define-property': [ '1.0.1' ],
1526 silly audit   'es-object-atoms': [ '1.1.1' ],
1526 silly audit   'function-bind': [ '1.1.2' ],
1526 silly audit   'get-proto': [ '1.0.1' ],
1526 silly audit   gopd: [ '1.2.0' ],
1526 silly audit   'has-symbols': [ '1.1.0' ],
1526 silly audit   'math-intrinsics': [ '1.1.0' ],
1526 silly audit   'dunder-proto': [ '1.0.1' ],
1526 silly audit   '@inquirer/external-editor': [ '1.0.2' ],
1526 silly audit   '@inquirer/figures': [ '1.0.14' ],
1526 silly audit   'ansi-escapes': [ '4.3.2', '1.4.0' ],
1526 silly audit   'cli-width': [ '4.1.0', '2.2.1' ],
1526 silly audit   'mute-stream': [ '1.0.0', '0.0.6' ],
1526 silly audit   ora: [ '5.4.1' ],
1526 silly audit   'run-async': [ '3.0.0', '2.4.1' ],
1526 silly audit   rxjs: [ '7.8.2' ],
1526 silly audit   'string-width': [ '4.2.3', '1.0.2' ],
1526 silly audit   'strip-ansi': [ '6.0.1', '3.0.1' ],
1526 silly audit   'wrap-ansi': [ '6.2.0' ],
1526 silly audit   'yoctocolors-cjs': [ '2.1.3' ],
1526 silly audit   chardet: [ '2.1.0' ],
1526 silly audit   'iconv-lite': [ '0.7.0' ],
1526 silly audit   'safer-buffer': [ '2.1.2' ],
1526 silly audit   'cli-cursor': [ '1.0.2', '4.0.0', '3.1.0' ],
1526 silly audit   figures: [ '1.7.0', '4.0.1' ],
1526 silly audit   lodash: [ '4.17.21' ],
1526 silly audit   'rx-lite': [ '4.0.8' ],
1526 silly audit   util: [ '0.10.4' ],
1526 silly audit   'restore-cursor': [ '1.0.1', '4.0.0', '3.1.0' ],
1526 silly audit   'escape-string-regexp': [ '1.0.5', '5.0.0' ],
1526 silly audit   'object-assign': [ '4.1.1' ],
1526 silly audit   'bignumber.js': [ '9.3.1' ],
1526 silly audit   'lodash.kebabcase': [ '4.1.1' ],
1526 silly audit   'mime-db': [ '1.52.0' ],
1526 silly audit   bl: [ '4.1.0' ],
1526 silly audit   'cli-spinners': [ '2.9.2' ],
1526 silly audit   'is-interactive': [ '1.0.0' ],
1526 silly audit   'is-unicode-supported': [ '0.1.0', '1.3.0' ],
1526 silly audit   'log-symbols': [ '4.1.0' ],
1526 silly audit   wcwidth: [ '1.0.1' ],
1526 silly audit   inherits: [ '2.0.4', '2.0.3' ],
1526 silly audit   'readable-stream': [ '3.6.2', '2.3.8' ],
1526 silly audit   'decode-uri-component': [ '0.2.2' ],
1526 silly audit   'split-on-first': [ '1.1.0' ],
1526 silly audit   'strict-uri-encode': [ '2.0.0' ],
1526 silly audit   string_decoder: [ '1.3.0', '1.1.1' ],
1526 silly audit   'util-deprecate': [ '1.0.2' ],
1526 silly audit   'exit-hook': [ '1.1.1' ],
1526 silly audit   onetime: [ '1.1.0', '5.1.2' ],
1526 silly audit   'safe-buffer': [ '5.2.1', '5.1.2' ],
1526 silly audit   'emoji-regex': [ '8.0.0' ],
1526 silly audit   'is-fullwidth-code-point': [ '3.0.0', '1.0.0' ],
1526 silly audit   'ansi-regex': [ '5.0.1', '2.1.1' ],
1526 silly audit   '@jridgewell/trace-mapping': [ '0.3.31' ],
1526 silly audit   chokidar: [ '3.6.0' ],
1526 silly audit   'fast-glob': [ '3.3.3' ],
1526 silly audit   'import-fresh': [ '3.3.1' ],
1526 silly audit   picocolors: [ '1.1.1' ],
1526 silly audit   sade: [ '1.8.1' ],
1526 silly audit   '@jridgewell/resolve-uri': [ '3.1.2' ],
1526 silly audit   '@jridgewell/sourcemap-codec': [ '1.5.5' ],
1526 silly audit   anymatch: [ '3.1.3' ],
1526 silly audit   braces: [ '3.0.3' ],
1526 silly audit   fsevents: [ '2.3.3' ],
1526 silly audit   'glob-parent': [ '5.1.2' ],
1526 silly audit   'is-binary-path': [ '2.1.0' ],
1526 silly audit   'is-glob': [ '4.0.3' ],
1526 silly audit   'normalize-path': [ '3.0.0' ],
1526 silly audit   readdirp: [ '3.6.0' ],
1526 silly audit   picomatch: [ '2.3.1' ],
1526 silly audit   'fill-range': [ '7.1.1' ],
1526 silly audit   '@nodelib/fs.stat': [ '2.0.5' ],
1526 silly audit   '@nodelib/fs.walk': [ '1.2.8' ],
1526 silly audit   merge2: [ '1.4.1' ],
1526 silly audit   micromatch: [ '4.0.8' ],
1526 silly audit   '@nodelib/fs.scandir': [ '2.1.5' ],
1526 silly audit   fastq: [ '1.19.1' ],
1526 silly audit   'run-parallel': [ '1.2.0' ],
1526 silly audit   reusify: [ '1.1.0' ],
1526 silly audit   'to-regex-range': [ '5.0.1' ],
1526 silly audit   'parent-module': [ '1.0.1' ],
1526 silly audit   'resolve-from': [ '4.0.0' ],
1526 silly audit   'binary-extensions': [ '2.3.0' ],
1526 silly audit   'is-extglob': [ '2.1.1' ],
1526 silly audit   callsites: [ '3.1.0' ],
1526 silly audit   'queue-microtask': [ '1.2.3' ],
1526 silly audit   mri: [ '1.2.0' ],
1526 silly audit   '@types/pug': [ '2.0.10' ],
1526 silly audit   'detect-indent': [ '6.1.0' ],
1526 silly audit   'magic-string': [ '0.30.19', '0.25.9' ],
1526 silly audit   sorcery: [ '0.11.1', '0.10.0' ],
1526 silly audit   'strip-indent': [ '3.0.0' ],
1526 silly audit   'buffer-crc32': [ '1.0.0', '0.2.13' ],
1526 silly audit   minimist: [ '1.2.8' ],
1526 silly audit   sander: [ '0.5.1' ],
1526 silly audit   'es6-promise': [ '3.3.1' ],
1526 silly audit   'graceful-fs': [ '4.2.11' ],
1526 silly audit   mkdirp: [ '0.5.6' ],
1526 silly audit   rimraf: [ '2.7.1' ],
1526 silly audit   glob: [ '7.2.3' ],
1526 silly audit   'fs.realpath': [ '1.0.0' ],
1526 silly audit   inflight: [ '1.0.6' ],
1526 silly audit   minimatch: [ '3.1.2' ],
1526 silly audit   once: [ '1.4.0' ],
1526 silly audit   'path-is-absolute': [ '1.0.1' ],
1526 silly audit   wrappy: [ '1.0.2' ],
1526 silly audit   'brace-expansion': [ '1.1.12' ],
1526 silly audit   'balanced-match': [ '1.0.2' ],
1526 silly audit   'concat-map': [ '0.0.1' ],
1526 silly audit   'min-indent': [ '1.0.1' ],
1526 silly audit   'is-number': [ '7.0.0' ],
1526 silly audit   defaults: [ '1.0.4' ],
1526 silly audit   clone: [ '1.0.4' ],
1526 silly audit   'ansi-styles': [ '4.3.0', '2.2.1' ],
1526 silly audit   'color-convert': [ '2.0.1' ],
1526 silly audit   'color-name': [ '1.1.4' ],
1526 silly audit   'algo-msgpack-with-bigint': [ '2.1.1' ],
1526 silly audit   'has-ansi': [ '2.0.0' ],
1526 silly audit   'supports-color': [ '2.0.0', '7.2.0' ],
1526 silly audit   'external-editor': [ '1.1.1' ],
1526 silly audit   'pinkie-promise': [ '2.0.1' ],
1526 silly audit   rx: [ '4.1.0' ],
1526 silly audit   through: [ '2.3.8' ],
1526 silly audit   extend: [ '3.0.2' ],
1526 silly audit   'spawn-sync': [ '1.0.15' ],
1526 silly audit   tmp: [ '0.0.29' ],
1526 silly audit   pinkie: [ '2.0.4' ],
1526 silly audit   'concat-stream': [ '1.6.2' ],
1526 silly audit   'os-shim': [ '0.1.3' ],
1526 silly audit   'buffer-from': [ '1.1.2' ],
1526 silly audit   typedarray: [ '0.0.6' ],
1526 silly audit   'os-tmpdir': [ '1.0.2' ],
1526 silly audit   'core-util-is': [ '1.0.3' ],
1526 silly audit   isarray: [ '1.0.0' ],
1526 silly audit   'process-nextick-args': [ '2.0.1' ],
1526 silly audit   'code-point-at': [ '1.1.0' ],
1526 silly audit   'number-is-nan': [ '1.0.1' ],
1526 silly audit   'signal-exit': [ '3.0.7' ],
1526 silly audit   'mimic-fn': [ '2.1.0' ],
1526 silly audit   'has-flag': [ '4.0.0' ],
1526 silly audit   '@types/sass': [ '1.43.1' ],
1526 silly audit   typescript: [ '4.9.5' ],
1526 silly audit   'sourcemap-codec': [ '1.4.8' ]
1526 silly audit }
1527 verbose reify failed optional dependency /home/ubuntu/.npm/_npx/cb6168741cfedab2/node_modules/fsevents
1528 silly reify mark deleted [ '/home/ubuntu/.npm/_npx/cb6168741cfedab2/node_modules/fsevents' ]
1529 silly tarball no local data for sourcemap-codec@https://registry.npmjs.org/sourcemap-codec/-/sourcemap-codec-1.4.8.tgz. Extracting by manifest.
1530 silly tarball no local data for typescript@https://registry.npmjs.org/typescript/-/typescript-4.9.5.tgz. Extracting by manifest.
1531 silly tarball no local data for has-flag@https://registry.npmjs.org/has-flag/-/has-flag-4.0.0.tgz. Extracting by manifest.
1532 silly tarball no local data for @types/sass@https://registry.npmjs.org/@types/sass/-/sass-1.43.1.tgz. Extracting by manifest.
1533 silly tarball no local data for code-point-at@https://registry.npmjs.org/code-point-at/-/code-point-at-1.1.0.tgz. Extracting by manifest.
1534 silly tarball no local data for process-nextick-args@https://registry.npmjs.org/process-nextick-args/-/process-nextick-args-2.0.1.tgz. Extracting by manifest.
1535 silly tarball no local data for mimic-fn@https://registry.npmjs.org/mimic-fn/-/mimic-fn-2.1.0.tgz. Extracting by manifest.
1536 silly tarball no local data for signal-exit@https://registry.npmjs.org/signal-exit/-/signal-exit-3.0.7.tgz. Extracting by manifest.
1537 silly tarball no local data for core-util-is@https://registry.npmjs.org/core-util-is/-/core-util-is-1.0.3.tgz. Extracting by manifest.
1538 silly tarball no local data for typedarray@https://registry.npmjs.org/typedarray/-/typedarray-0.0.6.tgz. Extracting by manifest.
1539 silly tarball no local data for number-is-nan@https://registry.npmjs.org/number-is-nan/-/number-is-nan-1.0.1.tgz. Extracting by manifest.
1540 silly tarball no local data for buffer-from@https://registry.npmjs.org/buffer-from/-/buffer-from-1.1.2.tgz. Extracting by manifest.
1541 silly tarball no local data for isarray@https://registry.npmjs.org/isarray/-/isarray-1.0.0.tgz. Extracting by manifest.
1542 silly tarball no local data for concat-stream@https://registry.npmjs.org/concat-stream/-/concat-stream-1.6.2.tgz. Extracting by manifest.
1543 silly tarball no local data for os-shim@https://registry.npmjs.org/os-shim/-/os-shim-0.1.3.tgz. Extracting by manifest.
1544 silly tarball no local data for tmp@https://registry.npmjs.org/tmp/-/tmp-0.0.29.tgz. Extracting by manifest.
1545 silly tarball no local data for pinkie@https://registry.npmjs.org/pinkie/-/pinkie-2.0.4.tgz. Extracting by manifest.
1546 silly tarball no local data for spawn-sync@https://registry.npmjs.org/spawn-sync/-/spawn-sync-1.0.15.tgz. Extracting by manifest.
1547 silly tarball no local data for extend@https://registry.npmjs.org/extend/-/extend-3.0.2.tgz. Extracting by manifest.
1548 silly tarball no local data for through@https://registry.npmjs.org/through/-/through-2.3.8.tgz. Extracting by manifest.
1549 silly tarball no local data for os-tmpdir@https://registry.npmjs.org/os-tmpdir/-/os-tmpdir-1.0.2.tgz. Extracting by manifest.
1550 silly tarball no local data for pinkie-promise@https://registry.npmjs.org/pinkie-promise/-/pinkie-promise-2.0.1.tgz. Extracting by manifest.
1551 silly tarball no local data for rx@https://registry.npmjs.org/rx/-/rx-4.1.0.tgz. Extracting by manifest.
1552 silly tarball no local data for external-editor@https://registry.npmjs.org/external-editor/-/external-editor-1.1.1.tgz. Extracting by manifest.
1553 silly tarball no local data for supports-color@https://registry.npmjs.org/supports-color/-/supports-color-2.0.0.tgz. Extracting by manifest.
1554 silly tarball no local data for has-ansi@https://registry.npmjs.org/has-ansi/-/has-ansi-2.0.0.tgz. Extracting by manifest.
1555 silly tarball no local data for algo-msgpack-with-bigint@https://registry.npmjs.org/algo-msgpack-with-bigint/-/algo-msgpack-with-bigint-2.1.1.tgz. Extracting by manifest.
1556 silly tarball no local data for ansi-styles@https://registry.npmjs.org/ansi-styles/-/ansi-styles-4.3.0.tgz. Extracting by manifest.
1557 silly tarball no local data for defaults@https://registry.npmjs.org/defaults/-/defaults-1.0.4.tgz. Extracting by manifest.
1558 silly tarball no local data for clone@https://registry.npmjs.org/clone/-/clone-1.0.4.tgz. Extracting by manifest.
1559 silly tarball no local data for concat-map@https://registry.npmjs.org/concat-map/-/concat-map-0.0.1.tgz. Extracting by manifest.
1560 silly tarball no local data for balanced-match@https://registry.npmjs.org/balanced-match/-/balanced-match-1.0.2.tgz. Extracting by manifest.
1561 silly tarball no local data for min-indent@https://registry.npmjs.org/min-indent/-/min-indent-1.0.1.tgz. Extracting by manifest.
1562 silly tarball no local data for brace-expansion@https://registry.npmjs.org/brace-expansion/-/brace-expansion-1.1.12.tgz. Extracting by manifest.
1563 silly tarball no local data for path-is-absolute@https://registry.npmjs.org/path-is-absolute/-/path-is-absolute-1.0.1.tgz. Extracting by manifest.
1564 silly tarball no local data for minimatch@https://registry.npmjs.org/minimatch/-/minimatch-3.1.2.tgz. Extracting by manifest.
1565 silly tarball no local data for inflight@https://registry.npmjs.org/inflight/-/inflight-1.0.6.tgz. Extracting by manifest.
1566 silly tarball no local data for fs.realpath@https://registry.npmjs.org/fs.realpath/-/fs.realpath-1.0.0.tgz. Extracting by manifest.
1567 silly tarball no local data for glob@https://registry.npmjs.org/glob/-/glob-7.2.3.tgz. Extracting by manifest.
1568 silly tarball no local data for rimraf@https://registry.npmjs.org/rimraf/-/rimraf-2.7.1.tgz. Extracting by manifest.
1569 silly tarball no local data for mkdirp@https://registry.npmjs.org/mkdirp/-/mkdirp-0.5.6.tgz. Extracting by manifest.
1570 silly tarball no local data for es6-promise@https://registry.npmjs.org/es6-promise/-/es6-promise-3.3.1.tgz. Extracting by manifest.
1571 silly tarball no local data for sander@https://registry.npmjs.org/sander/-/sander-0.5.1.tgz. Extracting by manifest.
1572 silly tarball no local data for minimist@https://registry.npmjs.org/minimist/-/minimist-1.2.8.tgz. Extracting by manifest.
1573 silly tarball no local data for strip-indent@https://registry.npmjs.org/strip-indent/-/strip-indent-3.0.0.tgz. Extracting by manifest.
1574 silly tarball no local data for sorcery@https://registry.npmjs.org/sorcery/-/sorcery-0.11.1.tgz. Extracting by manifest.
1575 silly tarball no local data for magic-string@https://registry.npmjs.org/magic-string/-/magic-string-0.30.19.tgz. Extracting by manifest.
1576 silly tarball no local data for detect-indent@https://registry.npmjs.org/detect-indent/-/detect-indent-6.1.0.tgz. Extracting by manifest.
1577 silly tarball no local data for @types/pug@https://registry.npmjs.org/@types/pug/-/pug-2.0.10.tgz. Extracting by manifest.
1578 silly tarball no local data for mri@https://registry.npmjs.org/mri/-/mri-1.2.0.tgz. Extracting by manifest.
1579 silly tarball no local data for queue-microtask@https://registry.npmjs.org/queue-microtask/-/queue-microtask-1.2.3.tgz. Extracting by manifest.
1580 silly tarball no local data for callsites@https://registry.npmjs.org/callsites/-/callsites-3.1.0.tgz. Extracting by manifest.
1581 silly tarball no local data for binary-extensions@https://registry.npmjs.org/binary-extensions/-/binary-extensions-2.3.0.tgz. Extracting by manifest.
1582 silly tarball no local data for buffer-crc32@https://registry.npmjs.org/buffer-crc32/-/buffer-crc32-1.0.0.tgz. Extracting by manifest.
1583 silly tarball no local data for parent-module@https://registry.npmjs.org/parent-module/-/parent-module-1.0.1.tgz. Extracting by manifest.
1584 silly tarball no local data for reusify@https://registry.npmjs.org/reusify/-/reusify-1.1.0.tgz. Extracting by manifest.
1585 silly tarball no local data for run-parallel@https://registry.npmjs.org/run-parallel/-/run-parallel-1.2.0.tgz. Extracting by manifest.
1586 silly tarball no local data for fastq@https://registry.npmjs.org/fastq/-/fastq-1.19.1.tgz. Extracting by manifest.
1587 silly tarball no local data for @nodelib/fs.scandir@https://registry.npmjs.org/@nodelib/fs.scandir/-/fs.scandir-2.1.5.tgz. Extracting by manifest.
1588 silly tarball no local data for resolve-from@https://registry.npmjs.org/resolve-from/-/resolve-from-4.0.0.tgz. Extracting by manifest.
1589 silly tarball no local data for merge2@https://registry.npmjs.org/merge2/-/merge2-1.4.1.tgz. Extracting by manifest.
1590 silly tarball no local data for @nodelib/fs.stat@https://registry.npmjs.org/@nodelib/fs.stat/-/fs.stat-2.0.5.tgz. Extracting by manifest.
1591 silly tarball no local data for readdirp@https://registry.npmjs.org/readdirp/-/readdirp-3.6.0.tgz. Extracting by manifest.
1592 silly tarball no local data for normalize-path@https://registry.npmjs.org/normalize-path/-/normalize-path-3.0.0.tgz. Extracting by manifest.
1593 silly tarball no local data for @nodelib/fs.walk@https://registry.npmjs.org/@nodelib/fs.walk/-/fs.walk-1.2.8.tgz. Extracting by manifest.
1594 silly tarball no local data for glob-parent@https://registry.npmjs.org/glob-parent/-/glob-parent-5.1.2.tgz. Extracting by manifest.
1595 silly tarball no local data for anymatch@https://registry.npmjs.org/anymatch/-/anymatch-3.1.3.tgz. Extracting by manifest.
1596 silly tarball no local data for is-binary-path@https://registry.npmjs.org/is-binary-path/-/is-binary-path-2.1.0.tgz. Extracting by manifest.
1597 silly tarball no local data for sade@https://registry.npmjs.org/sade/-/sade-1.8.1.tgz. Extracting by manifest.
1598 silly tarball no local data for import-fresh@https://registry.npmjs.org/import-fresh/-/import-fresh-3.3.1.tgz. Extracting by manifest.
1599 silly tarball no local data for @jridgewell/trace-mapping@https://registry.npmjs.org/@jridgewell/trace-mapping/-/trace-mapping-0.3.31.tgz. Extracting by manifest.
1600 silly tarball no local data for ansi-regex@https://registry.npmjs.org/ansi-regex/-/ansi-regex-5.0.1.tgz. Extracting by manifest.
1601 silly tarball no local data for is-fullwidth-code-point@https://registry.npmjs.org/is-fullwidth-code-point/-/is-fullwidth-code-point-3.0.0.tgz. Extracting by manifest.
1602 silly tarball no local data for emoji-regex@https://registry.npmjs.org/emoji-regex/-/emoji-regex-8.0.0.tgz. Extracting by manifest.
1603 silly tarball no local data for fast-glob@https://registry.npmjs.org/fast-glob/-/fast-glob-3.3.3.tgz. Extracting by manifest.
1604 silly tarball no local data for onetime@https://registry.npmjs.org/onetime/-/onetime-1.1.0.tgz. Extracting by manifest.
1605 silly tarball no local data for exit-hook@https://registry.npmjs.org/exit-hook/-/exit-hook-1.1.1.tgz. Extracting by manifest.
1606 silly tarball no local data for chokidar@https://registry.npmjs.org/chokidar/-/chokidar-3.6.0.tgz. Extracting by manifest.
1607 silly tarball no local data for util-deprecate@https://registry.npmjs.org/util-deprecate/-/util-deprecate-1.0.2.tgz. Extracting by manifest.
1608 silly tarball no local data for string_decoder@https://registry.npmjs.org/string_decoder/-/string_decoder-1.3.0.tgz. Extracting by manifest.
1609 silly tarball no local data for wcwidth@https://registry.npmjs.org/wcwidth/-/wcwidth-1.0.1.tgz. Extracting by manifest.
1610 silly tarball no local data for log-symbols@https://registry.npmjs.org/log-symbols/-/log-symbols-4.1.0.tgz. Extracting by manifest.
1611 silly tarball no local data for readable-stream@https://registry.npmjs.org/readable-stream/-/readable-stream-3.6.2.tgz. Extracting by manifest.
1612 silly tarball no local data for is-interactive@https://registry.npmjs.org/is-interactive/-/is-interactive-1.0.0.tgz. Extracting by manifest.
1613 silly tarball no local data for cli-spinners@https://registry.npmjs.org/cli-spinners/-/cli-spinners-2.9.2.tgz. Extracting by manifest.
1614 silly tarball no local data for mime-db@https://registry.npmjs.org/mime-db/-/mime-db-1.52.0.tgz. Extracting by manifest.
1615 silly tarball no local data for lodash.kebabcase@https://registry.npmjs.org/lodash.kebabcase/-/lodash.kebabcase-4.1.1.tgz. Extracting by manifest.
1616 silly tarball no local data for is-unicode-supported@https://registry.npmjs.org/is-unicode-supported/-/is-unicode-supported-0.1.0.tgz. Extracting by manifest.
1617 silly tarball no local data for bl@https://registry.npmjs.org/bl/-/bl-4.1.0.tgz. Extracting by manifest.
1618 silly tarball no local data for escape-string-regexp@https://registry.npmjs.org/escape-string-regexp/-/escape-string-regexp-1.0.5.tgz. Extracting by manifest.
1619 silly tarball no local data for restore-cursor@https://registry.npmjs.org/restore-cursor/-/restore-cursor-1.0.1.tgz. Extracting by manifest.
1620 silly tarball no local data for util@https://registry.npmjs.org/util/-/util-0.10.4.tgz. Extracting by manifest.
1621 silly tarball no local data for rx-lite@https://registry.npmjs.org/rx-lite/-/rx-lite-4.0.8.tgz. Extracting by manifest.
1622 silly tarball no local data for figures@https://registry.npmjs.org/figures/-/figures-1.7.0.tgz. Extracting by manifest.
1623 silly tarball no local data for cli-cursor@https://registry.npmjs.org/cli-cursor/-/cli-cursor-1.0.2.tgz. Extracting by manifest.
1624 silly tarball no local data for yoctocolors-cjs@https://registry.npmjs.org/yoctocolors-cjs/-/yoctocolors-cjs-2.1.3.tgz. Extracting by manifest.
1625 silly tarball no local data for wrap-ansi@https://registry.npmjs.org/wrap-ansi/-/wrap-ansi-6.2.0.tgz. Extracting by manifest.
1626 silly tarball no local data for strip-ansi@https://registry.npmjs.org/strip-ansi/-/strip-ansi-6.0.1.tgz. Extracting by manifest.
1627 silly tarball no local data for string-width@https://registry.npmjs.org/string-width/-/string-width-4.2.3.tgz. Extracting by manifest.
1628 silly tarball no local data for chardet@https://registry.npmjs.org/chardet/-/chardet-2.1.0.tgz. Extracting by manifest.
1629 silly tarball no local data for rxjs@https://registry.npmjs.org/rxjs/-/rxjs-7.8.2.tgz. Extracting by manifest.
1630 silly tarball no local data for run-async@https://registry.npmjs.org/run-async/-/run-async-3.0.0.tgz. Extracting by manifest.
1631 silly tarball no local data for ora@https://registry.npmjs.org/ora/-/ora-5.4.1.tgz. Extracting by manifest.
1632 silly tarball no local data for mute-stream@https://registry.npmjs.org/mute-stream/-/mute-stream-1.0.0.tgz. Extracting by manifest.
1633 silly tarball no local data for ansi-escapes@https://registry.npmjs.org/ansi-escapes/-/ansi-escapes-4.3.2.tgz. Extracting by manifest.
1634 silly tarball no local data for @inquirer/figures@https://registry.npmjs.org/@inquirer/figures/-/figures-1.0.14.tgz. Extracting by manifest.
1635 silly tarball no local data for @inquirer/external-editor@https://registry.npmjs.org/@inquirer/external-editor/-/external-editor-1.0.2.tgz. Extracting by manifest.
1636 silly tarball no local data for cli-width@https://registry.npmjs.org/cli-width/-/cli-width-4.1.0.tgz. Extracting by manifest.
1637 silly tarball no local data for has-tostringtag@https://registry.npmjs.org/has-tostringtag/-/has-tostringtag-1.0.2.tgz. Extracting by manifest.
1638 silly tarball no local data for mime-types@https://registry.npmjs.org/mime-types/-/mime-types-2.1.35.tgz. Extracting by manifest.
1639 silly tarball no local data for es-set-tostringtag@https://registry.npmjs.org/es-set-tostringtag/-/es-set-tostringtag-2.1.0.tgz. Extracting by manifest.
1640 silly tarball no local data for combined-stream@https://registry.npmjs.org/combined-stream/-/combined-stream-1.0.8.tgz. Extracting by manifest.
1641 silly tarball no local data for type-fest@https://registry.npmjs.org/type-fest/-/type-fest-2.19.0.tgz. Extracting by manifest.
1642 silly tarball no local data for quick-lru@https://registry.npmjs.org/quick-lru/-/quick-lru-6.1.2.tgz. Extracting by manifest.
1643 silly tarball no local data for delayed-stream@https://registry.npmjs.org/delayed-stream/-/delayed-stream-1.0.0.tgz. Extracting by manifest.
1644 silly tarball no local data for camelcase@https://registry.npmjs.org/camelcase/-/camelcase-7.0.1.tgz. Extracting by manifest.
1645 silly tarball no local data for asynckit@https://registry.npmjs.org/asynckit/-/asynckit-0.4.0.tgz. Extracting by manifest.
1646 silly tarball no local data for proxy-from-env@https://registry.npmjs.org/proxy-from-env/-/proxy-from-env-1.1.0.tgz. Extracting by manifest.
1647 silly tarball no local data for form-data@https://registry.npmjs.org/form-data/-/form-data-4.0.4.tgz. Extracting by manifest.
1648 silly tarball no local data for map-obj@https://registry.npmjs.org/map-obj/-/map-obj-4.3.0.tgz. Extracting by manifest.
1649 silly tarball no local data for @randlabs/communication-bridge@https://registry.npmjs.org/@randlabs/communication-bridge/-/communication-bridge-1.0.1.tgz. Extracting by manifest.
1650 silly tarball no local data for undici-types@https://registry.npmjs.org/undici-types/-/undici-types-5.26.5.tgz. Extracting by manifest.
1651 silly tarball no local data for @json-rpc-tools/types@https://registry.npmjs.org/@json-rpc-tools/types/-/types-1.7.6.tgz. Extracting by manifest.
1652 silly tarball no local data for @pedrouid/environment@https://registry.npmjs.org/@pedrouid/environment/-/environment-1.0.1.tgz. Extracting by manifest.
1653 silly tarball no local data for algosdk@https://registry.npmjs.org/algosdk/-/algosdk-3.5.2.tgz. Extracting by manifest.
1654 silly tarball no local data for p-ratelimit@https://registry.npmjs.org/p-ratelimit/-/p-ratelimit-1.0.1.tgz. Extracting by manifest.
1655 silly tarball no local data for object-hash@https://registry.npmjs.org/object-hash/-/object-hash-3.0.0.tgz. Extracting by manifest.
1656 silly tarball no local data for multiformats@https://registry.npmjs.org/multiformats/-/multiformats-12.1.3.tgz. Extracting by manifest.
1657 silly tarball no local data for kebabcase-keys@https://registry.npmjs.org/kebabcase-keys/-/kebabcase-keys-1.0.0.tgz. Extracting by manifest.
1658 silly tarball no local data for dexie@https://registry.npmjs.org/dexie/-/dexie-3.2.7.tgz. Extracting by manifest.
1659 silly tarball no local data for @types/node@https://registry.npmjs.org/@types/node/-/node-18.19.130.tgz. Extracting by manifest.
1660 silly tarball no local data for @types/lodash@https://registry.npmjs.org/@types/lodash/-/lodash-4.17.20.tgz. Extracting by manifest.
1661 silly tarball no local data for @randlabs/myalgo-connect@https://registry.npmjs.org/@randlabs/myalgo-connect/-/myalgo-connect-1.4.2.tgz. Extracting by manifest.
1662 silly tarball no local data for @json-rpc-tools/utils@https://registry.npmjs.org/@json-rpc-tools/utils/-/utils-1.7.6.tgz. Extracting by manifest.
1663 silly tarball no local data for svelte-preprocess@https://registry.npmjs.org/svelte-preprocess/-/svelte-preprocess-5.1.4.tgz. Extracting by manifest.
1664 silly tarball no local data for svelte-check@https://registry.npmjs.org/svelte-check/-/svelte-check-2.10.3.tgz. Extracting by manifest.
1665 silly tarball no local data for svelte@https://registry.npmjs.org/svelte/-/svelte-3.59.2.tgz. Extracting by manifest.
1666 silly tarball no local data for lodash-es@https://registry.npmjs.org/lodash-es/-/lodash-es-4.17.21.tgz. Extracting by manifest.
1667 silly tarball no local data for inquirer-file-tree-selection-prompt@https://registry.npmjs.org/inquirer-file-tree-selection-prompt/-/inquirer-file-tree-selection-prompt-2.0.5.tgz. Extracting by manifest.
1668 silly tarball no local data for inquirer-directory@https://registry.npmjs.org/inquirer-directory/-/inquirer-directory-2.2.0.tgz. Extracting by manifest.
1669 silly tarball no local data for inquirer@https://registry.npmjs.org/inquirer/-/inquirer-9.3.8.tgz. Extracting by manifest.
1670 silly tarball no local data for dotenv@https://registry.npmjs.org/dotenv/-/dotenv-16.6.1.tgz. Extracting by manifest.
1671 silly tarball no local data for chalk@https://registry.npmjs.org/chalk/-/chalk-5.6.2.tgz. Extracting by manifest.
1672 silly tarball no local data for algostack@https://registry.npmjs.org/algostack/-/algostack-0.4.49.tgz. Extracting by manifest.
1673 silly tarball no local data for alloctrl@https://registry.npmjs.org/alloctrl/-/alloctrl-0.1.9.tgz. Extracting by manifest.
1674 silly tarball no local data for string_decoder@https://registry.npmjs.org/string_decoder/-/string_decoder-1.1.1.tgz. Extracting by manifest.
1675 silly tarball no local data for safe-buffer@https://registry.npmjs.org/safe-buffer/-/safe-buffer-5.1.2.tgz. Extracting by manifest.
1676 silly tarball no local data for readable-stream@https://registry.npmjs.org/readable-stream/-/readable-stream-2.3.8.tgz. Extracting by manifest.
1677 silly tarball no local data for fake-indexeddb@https://registry.npmjs.org/fake-indexeddb/-/fake-indexeddb-5.0.2.tgz. Extracting by manifest.
1678 silly tarball no local data for ansi-regex@https://registry.npmjs.org/ansi-regex/-/ansi-regex-2.1.1.tgz. Extracting by manifest.
1679 silly tarball no local data for supports-color@https://registry.npmjs.org/supports-color/-/supports-color-7.2.0.tgz. Extracting by manifest.
1680 silly tarball no local data for chalk@https://registry.npmjs.org/chalk/-/chalk-4.1.2.tgz. Extracting by manifest.
1681 silly tarball no local data for buffer@https://registry.npmjs.org/buffer/-/buffer-5.7.1.tgz. Extracting by manifest.
1682 silly tarball no local data for inherits@https://registry.npmjs.org/inherits/-/inherits-2.0.3.tgz. Extracting by manifest.
1683 silly tarball no local data for onetime@https://registry.npmjs.org/onetime/-/onetime-5.1.2.tgz. Extracting by manifest.
1684 silly tarball no local data for restore-cursor@https://registry.npmjs.org/restore-cursor/-/restore-cursor-3.1.0.tgz. Extracting by manifest.
1685 silly tarball no local data for supports-color@https://registry.npmjs.org/supports-color/-/supports-color-7.2.0.tgz. Extracting by manifest.
1686 silly tarball no local data for cli-cursor@https://registry.npmjs.org/cli-cursor/-/cli-cursor-3.1.0.tgz. Extracting by manifest.
1687 silly tarball no local data for chalk@https://registry.npmjs.org/chalk/-/chalk-4.1.2.tgz. Extracting by manifest.
1688 silly tarball no local data for type-fest@https://registry.npmjs.org/type-fest/-/type-fest-0.21.3.tgz. Extracting by manifest.
1689 silly tarball no local data for quick-lru@https://registry.npmjs.org/quick-lru/-/quick-lru-1.1.0.tgz. Extracting by manifest.
1690 silly tarball no local data for map-obj@https://registry.npmjs.org/map-obj/-/map-obj-3.1.0.tgz. Extracting by manifest.
1691 silly tarball no local data for buffer-crc32@https://registry.npmjs.org/buffer-crc32/-/buffer-crc32-0.2.13.tgz. Extracting by manifest.
1692 silly tarball no local data for sorcery@https://registry.npmjs.org/sorcery/-/sorcery-0.10.0.tgz. Extracting by manifest.
1693 silly tarball no local data for magic-string@https://registry.npmjs.org/magic-string/-/magic-string-0.25.9.tgz. Extracting by manifest.
1694 silly tarball no local data for svelte-preprocess@https://registry.npmjs.org/svelte-preprocess/-/svelte-preprocess-4.10.7.tgz. Extracting by manifest.
1695 silly tarball no local data for onetime@https://registry.npmjs.org/onetime/-/onetime-5.1.2.tgz. Extracting by manifest.
1696 silly tarball no local data for is-unicode-supported@https://registry.npmjs.org/is-unicode-supported/-/is-unicode-supported-1.3.0.tgz. Extracting by manifest.
1697 silly tarball no local data for escape-string-regexp@https://registry.npmjs.org/escape-string-regexp/-/escape-string-regexp-5.0.0.tgz. Extracting by manifest.
1698 silly tarball no local data for restore-cursor@https://registry.npmjs.org/restore-cursor/-/restore-cursor-4.0.0.tgz. Extracting by manifest.
1699 silly tarball no local data for figures@https://registry.npmjs.org/figures/-/figures-4.0.1.tgz. Extracting by manifest.
1700 silly tarball no local data for cli-cursor@https://registry.npmjs.org/cli-cursor/-/cli-cursor-4.0.0.tgz. Extracting by manifest.
1701 silly tarball no local data for ansi-regex@https://registry.npmjs.org/ansi-regex/-/ansi-regex-2.1.1.tgz. Extracting by manifest.
1702 silly tarball no local data for is-fullwidth-code-point@https://registry.npmjs.org/is-fullwidth-code-point/-/is-fullwidth-code-point-1.0.0.tgz. Extracting by manifest.
1703 silly tarball no local data for string-width@https://registry.npmjs.org/string-width/-/string-width-1.0.2.tgz. Extracting by manifest.
1704 silly tarball no local data for run-async@https://registry.npmjs.org/run-async/-/run-async-2.4.1.tgz. Extracting by manifest.
1705 silly tarball no local data for cli-width@https://registry.npmjs.org/cli-width/-/cli-width-2.2.1.tgz. Extracting by manifest.
1706 silly tarball no local data for ansi-escapes@https://registry.npmjs.org/ansi-escapes/-/ansi-escapes-1.4.0.tgz. Extracting by manifest.
1707 silly tarball no local data for axios@https://registry.npmjs.org/axios/-/axios-1.12.2.tgz. Extracting by manifest.
1708 silly tarball no local data for ansi-styles@https://registry.npmjs.org/ansi-styles/-/ansi-styles-2.2.1.tgz. Extracting by manifest.
1709 silly tarball no local data for inquirer@https://registry.npmjs.org/inquirer/-/inquirer-1.2.3.tgz. Extracting by manifest.
1710 silly tarball no local data for chalk@https://registry.npmjs.org/chalk/-/chalk-1.1.3.tgz. Extracting by manifest.
1711 silly tarball no local data for type-fest@https://registry.npmjs.org/type-fest/-/type-fest-1.4.0.tgz. Extracting by manifest.
1712 silly tarball no local data for quick-lru@https://registry.npmjs.org/quick-lru/-/quick-lru-5.1.1.tgz. Extracting by manifest.
1713 silly tarball no local data for camelcase@https://registry.npmjs.org/camelcase/-/camelcase-6.3.0.tgz. Extracting by manifest.
1714 silly tarball no local data for algosdk@https://registry.npmjs.org/algosdk/-/algosdk-2.11.0.tgz. Extracting by manifest.
1715 silly tarball no local data for camelcase-keys@https://registry.npmjs.org/camelcase-keys/-/camelcase-keys-7.0.2.tgz. Extracting by manifest.
1716 silly tarball no local data for camelcase-keys@https://registry.npmjs.org/camelcase-keys/-/camelcase-keys-8.0.2.tgz. Extracting by manifest.
1717 silly tarball no local data for mute-stream@https://registry.npmjs.org/mute-stream/-/mute-stream-0.0.6.tgz. Extracting by manifest.
1718 silly tarball no local data for strip-ansi@https://registry.npmjs.org/strip-ansi/-/strip-ansi-3.0.1.tgz. Extracting by manifest.
1719 http fetch POST 200 https://registry.npmjs.org/-/npm/v1/security/advisories/bulk 1535ms
1720 silly audit report {
1720 silly audit report   svelte: [
1720 silly audit report     {
1720 silly audit report       id: 1098725,
1720 silly audit report       url: 'https://github.com/advisories/GHSA-8266-84wp-wv5c',
1720 silly audit report       title: 'Svelte has a potential mXSS vulnerability due to improper HTML escaping',
1720 silly audit report       severity: 'moderate',
1720 silly audit report       vulnerable_versions: '<4.2.19',
1720 silly audit report       cwe: [Array],
1720 silly audit report       cvss: [Object]
1720 silly audit report     }
1720 silly audit report   ],
1720 silly audit report   ws: [
1720 silly audit report     {
1720 silly audit report       id: 1098393,
1720 silly audit report       url: 'https://github.com/advisories/GHSA-3h5v-q93c-6h6q',
1720 silly audit report       title: 'ws affected by a DoS when handling a request with many HTTP headers',
1720 silly audit report       severity: 'high',
1720 silly audit report       vulnerable_versions: '>=7.0.0 <7.5.10',
1720 silly audit report       cwe: [Array],
1720 silly audit report       cvss: [Object]
1720 silly audit report     }
1720 silly audit report   ],
1720 silly audit report   tmp: [
1720 silly audit report     {
1720 silly audit report       id: 1106849,
1720 silly audit report       url: 'https://github.com/advisories/GHSA-52f5-9888-hmc6',
1720 silly audit report       title: 'tmp allows arbitrary temporary file / directory write via symbolic link `dir` parameter',
1720 silly audit report       severity: 'low',
1720 silly audit report       vulnerable_versions: '<=0.2.3',
1720 silly audit report       cwe: [Array],
1720 silly audit report       cvss: [Object]
1720 silly audit report     }
1720 silly audit report   ]
1720 silly audit report }
1721 silly packumentCache corgi:https://registry.npmjs.org/svelte cache-miss
1722 silly packumentCache corgi:https://registry.npmjs.org/ws cache-miss
1723 silly packumentCache corgi:https://registry.npmjs.org/tmp cache-miss
1724 warn deprecated @walletconnect/types@1.8.0: WalletConnect's v1 SDKs are now deprecated. Please upgrade to a v2 SDK. For details see: https://docs.walletconnect.com/
1725 http fetch GET 200 https://registry.npmjs.org/os-shim/-/os-shim-0.1.3.tgz 2071ms (cache miss)
1726 http fetch GET 200 https://registry.npmjs.org/pinkie/-/pinkie-2.0.4.tgz 2254ms (cache miss)
1727 http fetch GET 200 https://registry.npmjs.org/mimic-fn/-/mimic-fn-2.1.0.tgz 2356ms (cache miss)
1728 http fetch GET 200 https://registry.npmjs.org/code-point-at/-/code-point-at-1.1.0.tgz 2359ms (cache miss)
1729 http fetch GET 200 https://registry.npmjs.org/isarray/-/isarray-1.0.0.tgz 2352ms (cache miss)
1730 http fetch GET 200 https://registry.npmjs.org/core-util-is/-/core-util-is-1.0.3.tgz 2357ms (cache miss)
1731 http fetch GET 200 https://registry.npmjs.org/spawn-sync/-/spawn-sync-1.0.15.tgz 2349ms (cache miss)
1732 http fetch GET 200 https://registry.npmjs.org/process-nextick-args/-/process-nextick-args-2.0.1.tgz 2414ms (cache miss)
1733 http fetch GET 200 https://registry.npmjs.org/has-flag/-/has-flag-4.0.0.tgz 2419ms (cache miss)
1734 http fetch GET 200 https://registry.npmjs.org/number-is-nan/-/number-is-nan-1.0.1.tgz 2411ms (cache miss)
1735 http fetch GET 200 https://registry.npmjs.org/signal-exit/-/signal-exit-3.0.7.tgz 2485ms (cache miss)
1736 http fetch GET 200 https://registry.npmjs.org/@types/sass/-/sass-1.43.1.tgz 2490ms (cache miss)
1737 http fetch GET 200 https://registry.npmjs.org/pinkie-promise/-/pinkie-promise-2.0.1.tgz 2471ms (cache miss)
1738 http fetch GET 200 https://registry.npmjs.org/has-ansi/-/has-ansi-2.0.0.tgz 2470ms (cache miss)
1739 http fetch GET 200 https://registry.npmjs.org/supports-color/-/supports-color-2.0.0.tgz 2471ms (cache miss)
1740 http fetch GET 200 https://registry.npmjs.org/min-indent/-/min-indent-1.0.1.tgz 2461ms (cache miss)
1741 http fetch GET 200 https://registry.npmjs.org/buffer-from/-/buffer-from-1.1.2.tgz 2550ms (cache miss)
1742 http fetch GET 200 https://registry.npmjs.org/concat-stream/-/concat-stream-1.6.2.tgz 2549ms (cache miss)
1743 http fetch GET 200 https://registry.npmjs.org/through/-/through-2.3.8.tgz 2543ms (cache miss)
1744 http fetch GET 200 https://registry.npmjs.org/path-is-absolute/-/path-is-absolute-1.0.1.tgz 2528ms (cache miss)
1745 http fetch GET 200 https://registry.npmjs.org/inflight/-/inflight-1.0.6.tgz 2527ms (cache miss)
1746 warn deprecated inflight@1.0.6: This module is not supported, and leaks memory. Do not use it. Check out lru-cache if you want a good and tested way to coalesce async requests by a key value, which is much more comprehensive and powerful.
1747 http fetch GET 200 https://registry.npmjs.org/typedarray/-/typedarray-0.0.6.tgz 2630ms (cache miss)
1748 http fetch GET 200 https://registry.npmjs.org/os-tmpdir/-/os-tmpdir-1.0.2.tgz 2618ms (cache miss)
1749 http fetch GET 200 https://registry.npmjs.org/defaults/-/defaults-1.0.4.tgz 2612ms (cache miss)
1750 http fetch GET 200 https://registry.npmjs.org/balanced-match/-/balanced-match-1.0.2.tgz 2609ms (cache miss)
1751 http fetch GET 200 https://registry.npmjs.org/concat-map/-/concat-map-0.0.1.tgz 2615ms (cache miss)
1752 http fetch GET 200 https://registry.npmjs.org/strip-indent/-/strip-indent-3.0.0.tgz 2601ms (cache miss)
1753 http fetch GET 200 https://registry.npmjs.org/mri/-/mri-1.2.0.tgz 2599ms (cache miss)
1754 http fetch GET 200 https://registry.npmjs.org/external-editor/-/external-editor-1.1.1.tgz 2761ms (cache miss)
1755 http fetch GET 200 https://registry.npmjs.org/ansi-styles/-/ansi-styles-4.3.0.tgz 2760ms (cache miss)
1756 http fetch GET 200 https://registry.npmjs.org/mkdirp/-/mkdirp-0.5.6.tgz 2750ms (cache miss)
1757 http fetch GET 200 https://registry.npmjs.org/binary-extensions/-/binary-extensions-2.3.0.tgz 2739ms (cache miss)
1758 http fetch GET 200 https://registry.npmjs.org/callsites/-/callsites-3.1.0.tgz 2778ms (cache miss)
1759 http fetch GET 200 https://registry.npmjs.org/@types/pug/-/pug-2.0.10.tgz 2784ms (cache miss)
1760 http fetch GET 200 https://registry.npmjs.org/parent-module/-/parent-module-1.0.1.tgz 2780ms (cache miss)
1761 http fetch GET 200 https://registry.npmjs.org/merge2/-/merge2-1.4.1.tgz 2776ms (cache miss)
1762 http fetch GET 200 https://registry.npmjs.org/normalize-path/-/normalize-path-3.0.0.tgz 2768ms (cache miss)
1763 http fetch GET 200 https://registry.npmjs.org/brace-expansion/-/brace-expansion-1.1.12.tgz 2866ms (cache miss)
1764 http fetch GET 200 https://registry.npmjs.org/fs.realpath/-/fs.realpath-1.0.0.tgz 2863ms (cache miss)
1765 http fetch GET 200 https://registry.npmjs.org/detect-indent/-/detect-indent-6.1.0.tgz 2851ms (cache miss)
1766 http fetch GET 200 https://registry.npmjs.org/run-parallel/-/run-parallel-1.2.0.tgz 2845ms (cache miss)
1767 http fetch GET 200 https://registry.npmjs.org/anymatch/-/anymatch-3.1.3.tgz 2831ms (cache miss)
1768 http fetch GET 200 https://registry.npmjs.org/ansi-regex/-/ansi-regex-5.0.1.tgz 2827ms (cache miss)
1769 http fetch GET 200 https://registry.npmjs.org/sourcemap-codec/-/sourcemap-codec-1.4.8.tgz 2980ms (cache miss)
1770 warn deprecated sourcemap-codec@1.4.8: Please use @jridgewell/sourcemap-codec instead
1771 http fetch GET 200 https://registry.npmjs.org/clone/-/clone-1.0.4.tgz 2944ms (cache miss)
1772 http fetch GET 200 https://registry.npmjs.org/rimraf/-/rimraf-2.7.1.tgz 2933ms (cache miss)
1773 warn deprecated rimraf@2.7.1: Rimraf versions prior to v4 are no longer supported
1774 http fetch GET 200 https://registry.npmjs.org/queue-microtask/-/queue-microtask-1.2.3.tgz 2921ms (cache miss)
1775 http fetch GET 200 https://registry.npmjs.org/resolve-from/-/resolve-from-4.0.0.tgz 2915ms (cache miss)
1776 http fetch GET 200 https://registry.npmjs.org/readdirp/-/readdirp-3.6.0.tgz 2906ms (cache miss)
1777 http fetch GET 200 https://registry.npmjs.org/is-binary-path/-/is-binary-path-2.1.0.tgz 2902ms (cache miss)
1778 http fetch GET 200 https://registry.npmjs.org/onetime/-/onetime-1.1.0.tgz 2889ms (cache miss)
1779 http fetch GET 200 https://registry.npmjs.org/exit-hook/-/exit-hook-1.1.1.tgz 2889ms (cache miss)
1780 http fetch GET 200 https://registry.npmjs.org/import-fresh/-/import-fresh-3.3.1.tgz 2940ms (cache miss)
1781 http fetch GET 200 https://registry.npmjs.org/util-deprecate/-/util-deprecate-1.0.2.tgz 2951ms (cache miss)
1782 http fetch GET 200 https://registry.npmjs.org/string_decoder/-/string_decoder-1.3.0.tgz 2951ms (cache miss)
1783 http fetch GET 200 https://registry.npmjs.org/log-symbols/-/log-symbols-4.1.0.tgz 2949ms (cache miss)
1784 http fetch GET 200 https://registry.npmjs.org/is-fullwidth-code-point/-/is-fullwidth-code-point-3.0.0.tgz 2967ms (cache miss)
1785 http fetch GET 200 https://registry.npmjs.org/lodash.kebabcase/-/lodash.kebabcase-4.1.1.tgz 2948ms (cache miss)
1786 http fetch GET 200 https://registry.npmjs.org/is-unicode-supported/-/is-unicode-supported-0.1.0.tgz 2947ms (cache miss)
1787 http fetch GET 200 https://registry.npmjs.org/cli-spinners/-/cli-spinners-2.9.2.tgz 2951ms (cache miss)
1788 http fetch GET 200 https://registry.npmjs.org/figures/-/figures-1.7.0.tgz 2938ms (cache miss)
1789 http fetch GET 200 https://registry.npmjs.org/util/-/util-0.10.4.tgz 2941ms (cache miss)
1790 http fetch GET 200 https://registry.npmjs.org/strip-ansi/-/strip-ansi-6.0.1.tgz 2936ms (cache miss)
1791 http fetch GET 200 https://registry.npmjs.org/wrap-ansi/-/wrap-ansi-6.2.0.tgz 2936ms (cache miss)
1792 http fetch GET 200 https://registry.npmjs.org/buffer-crc32/-/buffer-crc32-1.0.0.tgz 3027ms (cache miss)
1793 http fetch GET 200 https://registry.npmjs.org/glob-parent/-/glob-parent-5.1.2.tgz 3011ms (cache miss)
1794 http fetch GET 200 https://registry.npmjs.org/restore-cursor/-/restore-cursor-1.0.1.tgz 2979ms (cache miss)
1795 http fetch GET 200 https://registry.npmjs.org/escape-string-regexp/-/escape-string-regexp-1.0.5.tgz 2985ms (cache miss)
1796 http fetch GET 200 https://registry.npmjs.org/yoctocolors-cjs/-/yoctocolors-cjs-2.1.3.tgz 2974ms (cache miss)
1797 http fetch GET 200 https://registry.npmjs.org/cli-cursor/-/cli-cursor-1.0.2.tgz 2976ms (cache miss)
1798 http fetch GET 200 https://registry.npmjs.org/mute-stream/-/mute-stream-1.0.0.tgz 2969ms (cache miss)
1799 http fetch GET 200 https://registry.npmjs.org/extend/-/extend-3.0.2.tgz 3084ms (cache miss)
1800 http fetch GET 200 https://registry.npmjs.org/ora/-/ora-5.4.1.tgz 2990ms (cache miss)
1801 http fetch GET 200 https://registry.npmjs.org/es-set-tostringtag/-/es-set-tostringtag-2.1.0.tgz 2951ms (cache miss)
1802 http fetch GET 200 https://registry.npmjs.org/cli-width/-/cli-width-4.1.0.tgz 2977ms (cache miss)
1803 http fetch GET 200 https://registry.npmjs.org/minimatch/-/minimatch-3.1.2.tgz 3090ms (cache miss)
1804 http fetch GET 200 https://registry.npmjs.org/wcwidth/-/wcwidth-1.0.1.tgz 3036ms (cache miss)
1805 http fetch GET 200 https://registry.npmjs.org/emoji-regex/-/emoji-regex-8.0.0.tgz 3049ms (cache miss)
1806 http fetch GET 200 https://registry.npmjs.org/is-interactive/-/is-interactive-1.0.0.tgz 3034ms (cache miss)
1807 http fetch GET 200 https://registry.npmjs.org/string-width/-/string-width-4.2.3.tgz 3018ms (cache miss)
1808 http fetch GET 200 https://registry.npmjs.org/combined-stream/-/combined-stream-1.0.8.tgz 2969ms (cache miss)
1809 http fetch GET 200 https://registry.npmjs.org/camelcase/-/camelcase-7.0.1.tgz 2940ms (cache miss)
1810 http fetch GET 200 https://registry.npmjs.org/proxy-from-env/-/proxy-from-env-1.1.0.tgz 2961ms (cache miss)
1811 http fetch GET 200 https://registry.npmjs.org/map-obj/-/map-obj-4.3.0.tgz 2955ms (cache miss)
1812 http fetch GET 200 https://registry.npmjs.org/run-async/-/run-async-3.0.0.tgz 3063ms (cache miss)
1813 http fetch GET 200 https://registry.npmjs.org/quick-lru/-/quick-lru-6.1.2.tgz 3002ms (cache miss)
1814 http fetch GET 200 https://registry.npmjs.org/delayed-stream/-/delayed-stream-1.0.0.tgz 2996ms (cache miss)
1815 http fetch GET 200 https://registry.npmjs.org/object-hash/-/object-hash-3.0.0.tgz 2963ms (cache miss)
1816 http fetch GET 200 https://registry.npmjs.org/kebabcase-keys/-/kebabcase-keys-1.0.0.tgz 2963ms (cache miss)
1817 http fetch GET 200 https://registry.npmjs.org/fastq/-/fastq-1.19.1.tgz 3130ms (cache miss)
1818 http fetch GET 200 https://registry.npmjs.org/reusify/-/reusify-1.1.0.tgz 3141ms (cache miss)
1819 http fetch GET 200 https://registry.npmjs.org/mime-types/-/mime-types-2.1.35.tgz 3056ms (cache miss)
1820 http fetch GET 200 https://registry.npmjs.org/@pedrouid/environment/-/environment-1.0.1.tgz 2991ms (cache miss)
1821 http fetch GET 200 https://registry.npmjs.org/ws 1803ms (cache revalidated)
1822 silly packumentCache corgi:https://registry.npmjs.org/ws set size:193390 disposed:false
1823 http fetch GET 200 https://registry.npmjs.org/@nodelib/fs.stat/-/fs.stat-2.0.5.tgz 3165ms (cache miss)
1824 http fetch GET 200 https://registry.npmjs.org/ansi-escapes/-/ansi-escapes-4.3.2.tgz 3116ms (cache miss)
1825 http fetch GET 200 https://registry.npmjs.org/@randlabs/communication-bridge/-/communication-bridge-1.0.1.tgz 3030ms (cache miss)
1826 http fetch GET 200 https://registry.npmjs.org/sorcery/-/sorcery-0.11.1.tgz 3212ms (cache miss)
1827 http fetch GET 200 https://registry.npmjs.org/string_decoder/-/string_decoder-1.1.1.tgz 3022ms (cache miss)
1828 http fetch GET 200 https://registry.npmjs.org/inquirer-file-tree-selection-prompt/-/inquirer-file-tree-selection-prompt-2.0.5.tgz 3037ms (cache miss)
1829 http fetch GET 200 https://registry.npmjs.org/safe-buffer/-/safe-buffer-5.1.2.tgz 3023ms (cache miss)
1830 http fetch GET 200 https://registry.npmjs.org/ansi-regex/-/ansi-regex-2.1.1.tgz 3015ms (cache miss)
1831 http fetch GET 200 https://registry.npmjs.org/supports-color/-/supports-color-7.2.0.tgz 3016ms (cache miss)
1832 http fetch GET 200 https://registry.npmjs.org/chalk/-/chalk-4.1.2.tgz 3015ms (cache miss)
1833 http fetch GET 200 https://registry.npmjs.org/bl/-/bl-4.1.0.tgz 3176ms (cache miss)
1834 http fetch GET 200 https://registry.npmjs.org/@inquirer/figures/-/figures-1.0.14.tgz 3151ms (cache miss)
1835 http fetch GET 200 https://registry.npmjs.org/quick-lru/-/quick-lru-1.1.0.tgz 3023ms (cache miss)
1836 http fetch GET 200 https://registry.npmjs.org/map-obj/-/map-obj-3.1.0.tgz 3022ms (cache miss)
1837 http fetch GET 200 https://registry.npmjs.org/buffer-crc32/-/buffer-crc32-0.2.13.tgz 3022ms (cache miss)
1838 http fetch GET 200 https://registry.npmjs.org/onetime/-/onetime-5.1.2.tgz 3029ms (cache miss)
1839 http fetch GET 200 https://registry.npmjs.org/inherits/-/inherits-2.0.3.tgz 3029ms (cache miss)
1840 http fetch GET 200 https://registry.npmjs.org/restore-cursor/-/restore-cursor-3.1.0.tgz 3028ms (cache miss)
1841 http fetch GET 200 https://registry.npmjs.org/cli-cursor/-/cli-cursor-3.1.0.tgz 3027ms (cache miss)
1842 http fetch GET 200 https://registry.npmjs.org/sade/-/sade-1.8.1.tgz 3221ms (cache miss)
1843 http fetch GET 200 https://registry.npmjs.org/escape-string-regexp/-/escape-string-regexp-5.0.0.tgz 3042ms (cache miss)
1844 http fetch GET 200 https://registry.npmjs.org/restore-cursor/-/restore-cursor-4.0.0.tgz 3041ms (cache miss)
1845 http fetch GET 200 https://registry.npmjs.org/figures/-/figures-4.0.1.tgz 3041ms (cache miss)
1846 http fetch GET 200 https://registry.npmjs.org/is-unicode-supported/-/is-unicode-supported-1.3.0.tgz 3048ms (cache miss)
1847 warn deprecated @walletconnect/client@1.8.0: WalletConnect's v1 SDKs are now deprecated. Please upgrade to a v2 SDK. For details see: https://docs.walletconnect.com/
1848 http fetch GET 200 https://registry.npmjs.org/has-tostringtag/-/has-tostringtag-1.0.2.tgz 3188ms (cache miss)
1849 http fetch GET 200 https://registry.npmjs.org/cli-cursor/-/cli-cursor-4.0.0.tgz 3066ms (cache miss)
1850 http fetch GET 200 https://registry.npmjs.org/is-fullwidth-code-point/-/is-fullwidth-code-point-1.0.0.tgz 3064ms (cache miss)
1851 http fetch GET 200 https://registry.npmjs.org/cli-width/-/cli-width-2.2.1.tgz 3062ms (cache miss)
1852 http fetch GET 200 https://registry.npmjs.org/run-async/-/run-async-2.4.1.tgz 3064ms (cache miss)
1853 http fetch GET 200 https://registry.npmjs.org/ansi-escapes/-/ansi-escapes-1.4.0.tgz 3062ms (cache miss)
1854 http fetch GET 200 https://registry.npmjs.org/string-width/-/string-width-1.0.2.tgz 3065ms (cache miss)
1855 http fetch GET 200 https://registry.npmjs.org/glob/-/glob-7.2.3.tgz 3307ms (cache miss)
1856 warn deprecated glob@7.2.3: Glob versions prior to v9 are no longer supported
1857 http fetch GET 200 https://registry.npmjs.org/ansi-regex/-/ansi-regex-2.1.1.tgz 3094ms (cache miss)
1858 http fetch GET 200 https://registry.npmjs.org/supports-color/-/supports-color-7.2.0.tgz 3112ms (cache miss)
1859 http fetch GET 200 https://registry.npmjs.org/chalk/-/chalk-4.1.2.tgz 3111ms (cache miss)
1860 http fetch GET 200 https://registry.npmjs.org/ansi-styles/-/ansi-styles-2.2.1.tgz 3089ms (cache miss)
1861 http fetch GET 200 https://registry.npmjs.org/quick-lru/-/quick-lru-5.1.1.tgz 3089ms (cache miss)
1862 http fetch GET 200 https://registry.npmjs.org/camelcase/-/camelcase-6.3.0.tgz 3089ms (cache miss)
1863 http fetch GET 200 https://registry.npmjs.org/onetime/-/onetime-5.1.2.tgz 3140ms (cache miss)
1864 http fetch GET 200 https://registry.npmjs.org/chalk/-/chalk-1.1.3.tgz 3124ms (cache miss)
1865 http fetch GET 200 https://registry.npmjs.org/mute-stream/-/mute-stream-0.0.6.tgz 3122ms (cache miss)
1866 http fetch GET 200 https://registry.npmjs.org/strip-ansi/-/strip-ansi-3.0.1.tgz 3122ms (cache miss)
1867 http fetch GET 200 https://registry.npmjs.org/mime-db/-/mime-db-1.52.0.tgz 3333ms (cache miss)
1868 http fetch GET 200 https://registry.npmjs.org/camelcase-keys/-/camelcase-keys-8.0.2.tgz 3153ms (cache miss)
1869 http fetch GET 200 https://registry.npmjs.org/camelcase-keys/-/camelcase-keys-7.0.2.tgz 3156ms (cache miss)
1870 http fetch GET 200 https://registry.npmjs.org/form-data/-/form-data-4.0.4.tgz 3280ms (cache miss)
1871 http fetch GET 200 https://registry.npmjs.org/dotenv/-/dotenv-16.6.1.tgz 3249ms (cache miss)
1872 http fetch GET 200 https://registry.npmjs.org/tmp 2078ms (cache miss)
1873 silly packumentCache corgi:https://registry.npmjs.org/tmp set size:undefined disposed:false
1874 http fetch GET 200 https://registry.npmjs.org/buffer/-/buffer-5.7.1.tgz 3265ms (cache miss)
1875 http fetch GET 200 https://registry.npmjs.org/@nodelib/fs.scandir/-/fs.scandir-2.1.5.tgz 3461ms (cache miss)
1876 http fetch GET 200 https://registry.npmjs.org/chalk/-/chalk-5.6.2.tgz 3307ms (cache miss)
1877 http fetch GET 200 https://registry.npmjs.org/readable-stream/-/readable-stream-3.6.2.tgz 3470ms (cache miss)
1878 http fetch GET 200 https://registry.npmjs.org/tmp/-/tmp-0.0.29.tgz 3581ms (cache miss)
1879 http fetch GET 200 https://registry.npmjs.org/@nodelib/fs.walk/-/fs.walk-1.2.8.tgz 3552ms (cache miss)
1880 http fetch GET 200 https://registry.npmjs.org/asynckit/-/asynckit-0.4.0.tgz 3467ms (cache miss)
1881 http fetch GET 200 https://registry.npmjs.org/chokidar/-/chokidar-3.6.0.tgz 3582ms (cache miss)
1882 http fetch GET 200 https://registry.npmjs.org/minimist/-/minimist-1.2.8.tgz 3657ms (cache miss)
1883 http fetch GET 200 https://registry.npmjs.org/p-ratelimit/-/p-ratelimit-1.0.1.tgz 3507ms (cache miss)
1884 http fetch GET 200 https://registry.npmjs.org/readable-stream/-/readable-stream-2.3.8.tgz 3576ms (cache miss)
1885 http fetch GET 200 https://registry.npmjs.org/@inquirer/external-editor/-/external-editor-1.0.2.tgz 3708ms (cache miss)
1886 http fetch GET 200 https://registry.npmjs.org/inquirer-directory/-/inquirer-directory-2.2.0.tgz 3627ms (cache miss)
1887 http fetch GET 200 https://registry.npmjs.org/@randlabs/myalgo-connect/-/myalgo-connect-1.4.2.tgz 3652ms (cache miss)
1888 http fetch GET 200 https://registry.npmjs.org/inquirer/-/inquirer-1.2.3.tgz 3595ms (cache miss)
1889 http fetch GET 200 https://registry.npmjs.org/sander/-/sander-0.5.1.tgz 3841ms (cache miss)
1890 http fetch GET 200 https://registry.npmjs.org/sorcery/-/sorcery-0.10.0.tgz 3630ms (cache miss)
1891 http fetch GET 200 https://registry.npmjs.org/magic-string/-/magic-string-0.25.9.tgz 3662ms (cache miss)
1892 http fetch GET 200 https://registry.npmjs.org/undici-types/-/undici-types-5.26.5.tgz 3790ms (cache miss)
1893 http fetch GET 200 https://registry.npmjs.org/es6-promise/-/es6-promise-3.3.1.tgz 3994ms (cache miss)
1894 http fetch GET 200 https://registry.npmjs.org/rx-lite/-/rx-lite-4.0.8.tgz 3944ms (cache miss)
1895 http fetch GET 200 https://registry.npmjs.org/inquirer/-/inquirer-9.3.8.tgz 3826ms (cache miss)
1896 http fetch GET 200 https://registry.npmjs.org/magic-string/-/magic-string-0.30.19.tgz 4012ms (cache miss)
1897 http fetch GET 200 https://registry.npmjs.org/@json-rpc-tools/types/-/types-1.7.6.tgz 3868ms (cache miss)
1898 warn deprecated @json-rpc-tools/types@1.7.6: Package no longer supported. Contact Support at https://www.npmjs.com/support for more info.
1899 http fetch GET 200 https://registry.npmjs.org/type-fest/-/type-fest-0.21.3.tgz 3829ms (cache miss)
1900 http fetch GET 200 https://registry.npmjs.org/chardet/-/chardet-2.1.0.tgz 3980ms (cache miss)
1901 http fetch GET 200 https://registry.npmjs.org/@json-rpc-tools/utils/-/utils-1.7.6.tgz 3878ms (cache miss)
1902 warn deprecated @json-rpc-tools/utils@1.7.6: Package no longer supported. Contact Support at https://www.npmjs.com/support for more info.
1903 http fetch GET 200 https://registry.npmjs.org/fast-glob/-/fast-glob-3.3.3.tgz 4046ms (cache miss)
1904 http fetch GET 200 https://registry.npmjs.org/@jridgewell/trace-mapping/-/trace-mapping-0.3.31.tgz 4080ms (cache miss)
1905 http fetch GET 200 https://registry.npmjs.org/svelte-preprocess/-/svelte-preprocess-4.10.7.tgz 3945ms (cache miss)
1906 http fetch GET 200 https://registry.npmjs.org/type-fest/-/type-fest-1.4.0.tgz 3944ms (cache miss)
1907 http fetch GET 200 https://registry.npmjs.org/type-fest/-/type-fest-2.19.0.tgz 4104ms (cache miss)
1908 http fetch GET 200 https://registry.npmjs.org/algostack/-/algostack-0.4.49.tgz 4121ms (cache miss)
1909 http fetch GET 200 https://registry.npmjs.org/algo-msgpack-with-bigint/-/algo-msgpack-with-bigint-2.1.1.tgz 4347ms (cache miss)
1910 http fetch GET 200 https://registry.npmjs.org/fake-indexeddb/-/fake-indexeddb-5.0.2.tgz 4190ms (cache miss)
1911 http fetch GET 200 https://registry.npmjs.org/svelte 3026ms (cache miss)
1912 silly packumentCache corgi:https://registry.npmjs.org/svelte set size:undefined disposed:false
1913 http fetch GET 200 https://registry.npmjs.org/svelte-preprocess/-/svelte-preprocess-5.1.4.tgz 4316ms (cache miss)
1914 silly packumentCache corgi:https://registry.npmjs.org/alloctrl cache-miss
1915 silly packumentCache corgi:https://registry.npmjs.org/svelte-check cache-miss
1916 silly packumentCache corgi:https://registry.npmjs.org/svelte-preprocess cache-miss
1917 http fetch GET 200 https://registry.npmjs.org/alloctrl 60ms (cache hit)
1918 silly packumentCache corgi:https://registry.npmjs.org/alloctrl set size:12609 disposed:false
1919 http fetch GET 200 https://registry.npmjs.org/dexie/-/dexie-3.2.7.tgz 4626ms (cache miss)
1920 http fetch GET 200 https://registry.npmjs.org/svelte-preprocess 239ms (cache miss)
1921 silly packumentCache corgi:https://registry.npmjs.org/svelte-preprocess set size:undefined disposed:false
1922 http fetch GET 200 https://registry.npmjs.org/svelte-check 351ms (cache miss)
1923 silly packumentCache corgi:https://registry.npmjs.org/svelte-check set size:undefined disposed:false
1924 silly packumentCache corgi:https://registry.npmjs.org/@walletconnect%2fsocket-transport cache-miss
1925 http fetch GET 200 https://registry.npmjs.org/multiformats/-/multiformats-12.1.3.tgz 4848ms (cache miss)
1926 http fetch GET 200 https://registry.npmjs.org/@types/node/-/node-18.19.130.tgz 4849ms (cache miss)
1927 http fetch GET 200 https://registry.npmjs.org/axios/-/axios-1.12.2.tgz 4866ms (cache miss)
1928 http fetch GET 200 https://registry.npmjs.org/svelte-check/-/svelte-check-2.10.3.tgz 4927ms (cache miss)
1929 http fetch GET 200 https://registry.npmjs.org/@walletconnect%2fsocket-transport 153ms (cache revalidated)
1930 silly packumentCache corgi:https://registry.npmjs.org/@walletconnect%2fsocket-transport set size:279798 disposed:false
1931 silly packumentCache corgi:https://registry.npmjs.org/external-editor cache-miss
1932 http fetch GET 200 https://registry.npmjs.org/external-editor 95ms (cache miss)
1933 silly packumentCache corgi:https://registry.npmjs.org/external-editor set size:undefined disposed:false
1934 silly packumentCache corgi:https://registry.npmjs.org/@walletconnect%2fcore cache-miss
1935 http fetch GET 200 https://registry.npmjs.org/@walletconnect%2fcore 210ms (cache updated)
1936 silly packumentCache corgi:https://registry.npmjs.org/@walletconnect%2fcore set size:undefined disposed:false
1937 silly packumentCache corgi:https://registry.npmjs.org/inquirer cache-miss
1938 http fetch GET 200 https://registry.npmjs.org/alloctrl/-/alloctrl-0.1.9.tgz 5513ms (cache miss)
1939 http fetch GET 200 https://registry.npmjs.org/inquirer 178ms (cache miss)
1940 silly packumentCache corgi:https://registry.npmjs.org/inquirer set size:undefined disposed:false
1941 http fetch GET 200 https://registry.npmjs.org/lodash-es/-/lodash-es-4.17.21.tgz 5686ms (cache miss)
1942 silly packumentCache corgi:https://registry.npmjs.org/@walletconnect%2fclient cache-miss
1943 http fetch GET 200 https://registry.npmjs.org/@types/lodash/-/lodash-4.17.20.tgz 5756ms (cache miss)
1944 http fetch GET 200 https://registry.npmjs.org/rx/-/rx-4.1.0.tgz 6093ms (cache miss)
1945 http fetch GET 200 https://registry.npmjs.org/svelte/-/svelte-3.59.2.tgz 6296ms (cache miss)
1946 http fetch GET 200 https://registry.npmjs.org/@walletconnect%2fclient 626ms (cache revalidated)
1947 silly packumentCache corgi:https://registry.npmjs.org/@walletconnect%2fclient set size:558293 disposed:false
1948 silly packumentCache corgi:https://registry.npmjs.org/@blockshake%2fdefly-connect cache-miss
1949 silly packumentCache corgi:https://registry.npmjs.org/@perawallet%2fconnect cache-miss
1950 http fetch GET 200 https://registry.npmjs.org/@perawallet%2fconnect 102ms (cache revalidated)
1951 silly packumentCache corgi:https://registry.npmjs.org/@perawallet%2fconnect set size:98843 disposed:false
1952 http fetch GET 200 https://registry.npmjs.org/algosdk/-/algosdk-2.11.0.tgz 6689ms (cache miss)
1953 http fetch GET 200 https://registry.npmjs.org/algosdk/-/algosdk-3.5.2.tgz 6878ms (cache miss)
1954 http fetch GET 200 https://registry.npmjs.org/@blockshake%2fdefly-connect 610ms (cache revalidated)
1955 silly packumentCache corgi:https://registry.npmjs.org/@blockshake%2fdefly-connect set size:24208 disposed:false
1956 silly packumentCache corgi:https://registry.npmjs.org/algostack cache-miss
1957 http fetch GET 200 https://registry.npmjs.org/rxjs/-/rxjs-7.8.2.tgz 7418ms (cache miss)
1958 http fetch GET 200 https://registry.npmjs.org/algostack 416ms (cache miss)
1959 silly packumentCache corgi:https://registry.npmjs.org/algostack set size:undefined disposed:false
1960 http fetch GET 200 https://registry.npmjs.org/typescript/-/typescript-4.9.5.tgz 7813ms (cache miss)
1961 info run spawn-sync@1.0.15 postinstall node_modules/spawn-sync node postinstall
1962 info run spawn-sync@1.0.15 postinstall { code: 0, signal: null }
1963 info run svelte-preprocess@5.1.4 postinstall node_modules/svelte-preprocess echo "[svelte-preprocess] Don't forget to install the preprocessors packages that will be used: sass, stylus, less, postcss & postcss-load-config, coffeescript, pug, etc..."
1964 info run svelte-preprocess@5.1.4 postinstall { code: 0, signal: null }
1965 info run svelte-preprocess@4.10.7 postinstall node_modules/svelte-check/node_modules/svelte-preprocess echo "[svelte-preprocess] Don't forget to install the preprocessors packages that will be used: node-sass/sass, stylus, less, postcss & postcss-load-config, coffeescript, pug, etc..."
1966 info run svelte-preprocess@4.10.7 postinstall { code: 0, signal: null }
